0,move,1,10,5,1000,100,100,0
0,move,1,9,6,1000,100,100,0
0,move,1,1,5,1000,100,100,0
0,move,1,1,4,1000,100,100,1
0,move,1,1,3,1000,100,100,3
0,move,1,1,1,1000,100,100,4
0,move,2,11,1,1000,100,100,4
0,move,3,10,5,1000,100,100,4
0,move,2,7,3,400,10,10,4
0,move,2,11,1,400,10,10,4
0,move,3,3,5,400,10,10,4
0,move,3,2,5,400,10,10,4
0,move,3,3,4,400,10,10,4
0,move,3,3,6,400,10,10,4
0,move,3,2,6,400,10,10,4
0,move,3,2,4,600,10,10,4
0,move,3,1,5,800,10,10,4
0,move,3,1,6,1000,10,10,4
0,move,3,1,4,1000,10,10,4
0,move,3,5,7,1000,10,10,4
0,move,3,4,11,976,10,10,5
0,move,3,10,8,976,10,10,5
0,move,3,11,9,926,10,10,7
0,move,3,11,11,926,10,10,7
0,move,4,8,11,926,10,10,7
0,move,4,7,3,926,10,10,7
0,move,4,7,1,902,10,10,8
0,move,4,8,1,852,10,10,10
0,move,4,11,1,852,10,10,10
0,move,5,8,6,852,10,10,10
0,move,5,6,7,828,10,10,11
0,move,5,7,11,804,10,10,12
0,move,5,9,8,754,10,10,14
0,move,5,11,9,754,10,10,14
0,move,5,11,11,754,10,10,14
0,move,5,2,11,754,20,10,14
0,move,5,4,6,734,20,10,16
0,move,5,2,6,678,20,10,19
0,d,5,11,1,678,20,10,19
0,move,4,5,4,678,20,10,19
0,move,4,5,6,678,20,10,19
0,move,4,4,6,658,20,10,21
0,move,4,2,6,658,20,10,21
0,move,4,1,6,658,20,10,21
131,3,4,0,0,658,20,10,21
0,move,4,7,3,658,20,14,1
0,move,4,7,1,658,20,14,1
0,move,4,9,1,658,20,14,1
0,move,4,10,1,658,20,14,1
0,move,4,11,1,658,20,14,1
0,move,5,1,10,658,20,14,1
0,move,5,2,9,658,20,14,1
0,move,5,3,9,654,20,14,2
0,move,5,4,9,654,20,14,2
0,move,5,4,8,654,20,14,2
0,move,5,3,8,654,20,14,2
0,move,5,1,5,654,20,14,2
0,move,5,1,4,654,20,14,2
0,move,5,3,3,642,20,14,4
0,move,5,3,2,594,20,14,7
0,move,5,1,1,594,20,14,7
0,move,6,6,3,594,20,14,7
0,move,6,6,4,582,20,14,9
0,move,6,6,6,510,20,14,14
0,move,6,4,5,510,20,14,14
0,move,6,3,4,510,20,14,14
0,move,6,2,4,498,20,14,16
0,move,6,1,4,498,20,14,16
0,move,6,1,3,498,20,14,16
0,move,6,2,3,498,20,14,16
0,move,6,8,7,498,20,14,16
0,move,6,8,8,498,20,14,16
0,move,6,9,9,498,20,14,16
0,move,6,11,9,486,20,14,18
0,move,6,11,8,536,20,14,18
0,move,6,8,10,586,20,14,18
0,move,6,9,11,586,20,14,18
0,move,6,11,11,574,20,14,20
0,move,7,7,11,574,20,14,20
0,move,7,7,5,574,20,14,20
0,move,7,9,5,574,20,14,20
0,move,7,10,5,526,20,14,23
0,move,7,10,5,526,20,14,23
0,move,7,11,5,526,20,14,23
0,move,7,6,4,526,20,14,23
0,move,7,6,2,454,20,14,28
0,move,7,5,1,226,20,14,36
0,move,7,1,1,226,20,14,36
0,move,8,3,1,226,20,14,36
0,move,8,5,1,226,20,14,36
0,move,8,6,2,276,20,14,36
0,move,8,6,3,264,20,14,38
0,move,8,6,4,260,20,14,39
0,move,8,7,5,248,20,14,41
0,move,8,8,6,248,20,14,41
0,move,8,7,7,164,20,14,47
0,move,8,5,7,116,20,14,50
0,move,8,4,5,44,20,14,55
0,move,8,4,4,44,20,14,55
0,move,8,4,3,44,20,14,55
0,move,8,3,6,44,20,14,55
0,move,8,1,6,44,20,14,55
0,move,9,1,8,44,20,14,55
0,move,9,1,9,44,20,14,55
0,move,9,1,11,40,20,14,56
0,move,9,4,10,90,20,14,56
0,move,9,5,10,90,20,14,56
0,move,9,7,9,90,20,14,56
0,move,9,1,6,90,20,24,56
0,d,8,1,1,90,20,24,56
0,d,7,11,11,90,20,24,56
0,d,6,1,1,90,20,24,56
0,d,5,11,1,90,20,24,56
0,d,4,11,11,90,20,24,56
0,d,3,11,1,90,20,24,56
0,f,2,11,1,90,20,24,56
0,d,3,11,1,90,20,24,56
0,d,2,1,1,90,20,24,56
0,f,1,1,1,90,20,24,56
0,f,2,11,1,90,20,24,56
0,f,3,11,11,90,20,24,56
0,move,4,8,4,90,20,24,56
0,move,4,9,4,90,20,24,56
0,move,4,10,5,62,20,24,59
0,move,4,11,5,62,20,24,59
0,f,4,11,1,62,20,24,59
0,f,5,1,1,62,20,24,59
0,f,6,11,11,62,20,24,59
0,f,7,1,1,62,20,24,59
0,f,8,1,6,62,20,24,59
0,move,9,4,9,62,20,24,59
0,move,9,4,8,62,20,24,59
0,move,9,4,7,62,20,24,59
0,move,9,5,6,62,20,24,59
0,move,9,4,5,62,21,24,59
0,move,9,5,4,62,21,24,59
0,move,9,5,3,62,21,24,59
0,move,9,5,1,48,21,24,62
0,move,9,4,2,48,21,25,62
0,move,9,5,5,48,21,25,62
0,move,9,5,6,48,21,25,62
0,d,9,1,6,48,21,25,62
0,d,8,1,1,48,21,25,62
0,d,7,11,11,48,21,25,62
0,d,6,1,1,48,21,25,62
0,d,5,11,1,48,21,25,62
0,d,4,11,11,48,21,25,62
0,move,3,5,3,48,21,25,62
0,move,3,4,1,35,21,25,65
0,move,3,3,1,35,21,25,65
0,move,3,2,2,7,21,25,70
0,move,3,1,1,57,21,25,70
0,move,3,1,2,57,21,25,70
0,move,3,6,5,57,21,26,70
0,d,3,11,1,57,21,26,70
0,d,2,1,1,57,21,26,70
0,f,1,1,1,57,21,26,70
0,f,2,11,1,57,21,26,70
0,f,3,11,11,57,21,26,70
0,move,4,4,2,57,21,26,70
0,move,4,3,2,57,21,26,70
0,move,4,2,1,33,21,26,75
0,move,4,1,2,83,21,26,75
0,move,4,2,2,83,21,26,75
0,move,4,2,3,83,21,26,75
0,f,4,11,1,83,21,26,75
0,f,5,1,1,83,21,26,75
0,f,6,11,11,83,21,26,75
0,f,7,1,1,83,21,26,75
0,move,8,8,4,83,21,26,75
0,move,8,9,1,71,21,26,78
0,move,8,10,1,71,21,26,78
0,move,8,11,2,71,21,26,79
0,move,8,11,3,59,21,26,82
0,move,8,11,4,59,21,26,82
0,move,8,10,4,59,21,26,82
0,move,8,10,5,59,22,26,82
0,move,8,11,5,59,22,26,82
0,d,8,1,1,59,22,27,82
0,d,7,11,11,59,22,27,82
0,d,6,1,1,59,22,27,82
0,d,5,11,1,59,22,27,82
0,d,4,11,11,59,22,27,82
0,d,3,11,1,59,22,27,82
0,d,2,1,1,59,22,27,82
0,move,1,6,6,59,22,27,82
0,move,1,6,7,59,22,27,82
0,move,1,6,8,48,22,27,85
0,move,1,6,9,28,22,27,90
0,move,1,5,9,17,22,27,93
0,move,1,4,8,17,22,27,93
0,move,1,3,8,67,22,27,93
0,move,1,3,7,67,22,27,93
0,move,1,4,7,67,23,27,93
0,move,1,6,5,67,23,28,93
0,f,1,1,1,67,23,28,93
0,f,2,11,1,67,23,28,93
0,f,3,11,11,67,23,28,93
0,f,4,11,1,67,23,28,93
0,f,5,1,1,67,23,28,93
0,f,6,11,11,67,23,28,93
0,move,7,5,3,67,23,28,93
0,move,7,3,3,67,23,28,93
0,move,7,2,3,57,23,28,96
0,move,7,1,3,107,23,28,96
0,d,7,11,11,107,24,28,96
0,d,6,1,1,107,24,28,96
0,d,5,11,1,107,24,28,96
0,move,4,11,4,107,24,28,96
0,move,4,11,3,107,24,28,97
0,move,4,11,4,107,24,28,97
0,move,4,10,4,107,24,28,97
0,move,4,8,8,107,24,28,97
0,move,4,9,8,107,24,28,97
0,move,4,10,7,95,24,28,102
0,move,4,10,9,95,25,28,102
0,d,4,11,11,145,25,28,102
0,move,3,6,1,145,25,28,102
0,move,3,7,1,145,25,28,102
0,move,3,8,2,117,25,28,108
0,move,3,9,2,117,25,28,108
0,move,3,9,1,117,26,28,108
0,f,3,11,11,167,26,28,108
0,d,4,11,11,167,26,28,108
0,d,3,11,1,167,26,28,108
0,d,2,1,1,167,26,28,108
0,f,1,1,1,167,26,28,108
0,f,2,11,1,167,26,28,108
0,f,3,11,11,167,26,28,108
0,f,4,11,1,167,26,28,108
0,f,5,1,1,167,26,28,108
0,f,6,11,11,167,26,28,108
0,d,7,11,11,167,26,28,108
0,d,6,1,1,167,26,28,108
0,move,5,4,4,167,26,28,108
0,move,5,6,4,167,26,28,108
0,move,5,6,1,157,26,28,111
0,move,5,5,1,157,26,28,111
0,d,5,11,1,157,26,28,111
0,f,4,11,1,157,26,28,111
0,f,5,1,1,157,26,28,111
0,move,6,11,5,157,26,28,111
0,move,6,11,2,129,26,28,117
0,move,6,10,1,129,26,28,118
0,move,6,9,2,129,26,28,118
0,move,6,9,4,119,26,28,121
0,move,6,8,4,119,26,29,121
0,move,6,8,3,119,26,29,121
0,f,6,11,11,119,26,29,121
0,f,7,1,1,119,26,29,121
0,f,8,1,6,119,26,29,121
0,d,9,1,6,119,26,29,121
0,d,8,1,1,119,26,29,121
0,d,7,11,11,119,26,29,121
0,d,6,1,1,119,26,29,121
0,move,5,7,2,119,26,29,121
0,move,5,9,2,50,26,29,129
0,move,5,9,1,50,26,29,129
0,move,5,9,3,50,26,30,129
0,move,5,9,4,100,26,30,129
0,move,5,9,3,100,26,30,129
0,f,5,1,1,100,26,30,129
0,f,6,11,11,100,26,30,129
0,f,7,1,1,100,26,30,129
0,f,8,1,6,100,26,30,129
0,d,9,1,6,100,26,30,129
0,d,8,1,1,100,26,30,129
0,move,7,5,9,100,26,30,129
0,move,7,4,9,76,26,30,135
0,move,7,3,9,76,26,30,135
0,move,7,2,9,126,26,30,135
0,move,7,1,9,126,26,30,135
0,move,7,7,9,126,26,30,135
0,move,7,8,9,60,26,30,143
0,move,7,9,9,60,26,30,143
0,move,7,10,9,260,26,30,143
0,move,7,11,9,260,26,30,143
0,f,7,1,1,260,26,30,143
0,f,8,1,6,260,26,30,143
0,move,9,6,7,260,26,30,143
0,move,9,10,7,260,26,30,145
0,move,9,11,6,252,26,30,148
0,move,9,10,5,252,26,30,148
0,move,9,9,5,228,26,30,154
0,move,9,7,5,228,26,30,154
0,move,9,7,4,228,26,30,154
0,move,9,7,3,162,26,30,162
0,move,9,7,1,162,26,30,162
0,move,9,8,1,162,26,30,162
0,move,9,9,1,96,26,30,170
0,move,9,10,2,96,26,30,170
0,move,9,11,1,146,26,30,170
0,move,10,9,1,146,26,30,170
0,move,10,6,1,146,26,30,170
0,move,10,6,2,122,26,30,176
0,move,10,9,3,122,26,31,176
0,move,10,11,4,122,26,31,176
0,move,10,11,8,119,26,31,181
0,move,10,9,9,116,26,31,186
0,move,10,6,9,116,26,31,186
0,move,10,6,10,94,26,31,192
0,move,10,7,9,94,27,31,192
0,move,10,11,5,94,27,31,192
0,move,10,10,6,94,27,31,192
0,d,10,11,1,94,27,31,192
0,d,9,1,6,94,27,31,192
0,d,8,1,1,94,27,31,192
0,d,7,11,11,94,27,31,192
0,move,6,1,7,94,27,31,192
0,move,6,1,9,91,27,31,197
0,d,6,1,1,91,27,31,197
0,d,5,11,1,91,27,31,197
0,d,4,11,11,91,27,31,197
0,d,3,11,1,91,27,31,197
0,d,2,1,1,91,27,31,197
0,move,1,9,10,91,27,31,197
0,move,1,10,10,91,27,31,197
0,move,1,11,10,84,27,31,200
0,move,1,8,10,284,27,31,200
0,f,1,1,1,284,27,31,200
0,f,2,11,1,284,27,31,200
0,move,3,8,9,284,27,31,200
0,move,3,8,10,284,27,31,200
0,move,3,8,11,281,27,31,205
0,move,3,7,11,281,27,31,205
0,f,3,11,11,331,27,31,205
0,f,4,11,1,331,27,31,205
0,f,5,1,1,331,27,31,205
0,f,6,11,11,331,27,31,205
0,f,7,1,1,331,27,31,205
0,f,8,1,6,331,27,31,205
0,d,9,1,6,331,27,31,205
0,move,8,8,8,331,27,31,205
0,move,8,7,10,328,27,31,210
0,move,8,5,10,328,27,31,210
0,move,8,5,9,328,27,31,210
0,move,8,5,11,175,27,31,222
0,move,8,3,9,22,27,31,234
0,move,8,3,11,222,27,31,234
0,move,8,2,10,272,27,31,234
0,move,8,1,11,272,27,31,234
0,move,8,1,9,272,27,31,234
0,move,8,3,10,272,27,31,234
0,move,8,5,10,272,27,31,234
0,move,8,6,10,272,27,31,234
0,move,8,1,6,272,27,31,234
0,f,9,11,1,272,27,31,234
0,d,10,11,1,272,27,31,234
0,d,9,1,6,272,27,31,234
0,f,8,1,6,272,27,31,234
0,f,9,11,1,272,27,31,234
0,d,10,11,1,272,27,31,234
0,d,9,1,6,272,27,31,234
0,f,8,1,6,272,27,31,234
0,f,9,11,1,272,27,31,234
0,move,10,9,11,272,27,31,234
0,move,10,11,11,272,27,31,234
0,move,10,11,1,472,27,31,234
0,d,9,1,6,472,27,31,234
0,d,8,1,1,472,27,31,234
0,move,7,7,7,472,27,31,234
0,move,7,9,7,472,27,31,234
0,move,7,10,7,472,27,31,236
0,move,7,11,7,469,27,31,241
0,f,7,1,1,669,27,31,241
0,f,8,1,6,669,27,31,241
0,f,9,11,1,669,27,31,241
0,move,10,9,6,669,27,31,241
0,move,10,7,6,669,27,31,241
0,move,10,6,6,669,27,31,241
0,move,10,5,6,669,27,31,241
0,move,10,4,6,669,27,31,241
0,move,10,4,5,606,27,31,249
0,move,10,4,7,584,27,31,255
0,move,10,5,7,562,27,31,261
0,move,10,6,7,540,27,31,267
0,move,10,6,6,518,27,31,273
0,move,10,6,5,455,27,31,281
0,move,10,5,5,433,27,31,287
0,move,10,1,6,411,27,31,293
0,move,10,4,9,139,27,31,323
0,move,10,4,10,139,27,31,323
0,move,10,4,11,139,27,31,323
0,move,10,3,11,139,27,31,323
0,move,10,3,10,139,27,32,323
0,move,10,3,9,139,27,33,323
0,move,10,4,3,139,27,34,323
0,move,10,3,3,339,27,34,323
0,move,10,3,2,339,28,34,323
0,move,10,3,1,339,29,34,323
0,move,10,4,4,339,30,34,323
0,move,10,4,2,339,30,34,323
0,move,10,4,1,539,30,34,323
0,move,10,5,7,739,30,34,323
0,move,10,6,6,739,30,34,323
0,f,10,11,6,739,30,34,323
0,move,11,9,10,739,30,34,323
0,move,11,11,11,735,30,34,326
0,move,12,11,8,735,30,34,326
0,move,12,10,7,731,30,34,329
0,move,12,10,5,831,30,34,329
0,move,12,10,6,931,30,34,329
0,move,12,9,6,931,30,34,329
131,3,12,0,0,931,30,34,329
0,move,12,9,6,931,30,42,289
131,3,12,0,0,931,30,42,289
0,move,12,9,6,931,30,50,209
131,2,12,0,0,931,30,50,209
0,move,12,11,6,931,34,50,69
0,move,12,11,4,931,34,50,69
0,move,12,11,1,931,34,50,72
0,move,13,11,11,931,34,50,72
0,move,14,9,9,931,34,50,72
0,move,14,8,8,931,34,50,72
0,move,14,8,6,891,34,50,80
0,move,14,9,6,891,34,50,80
0,move,14,10,5,891,34,50,80
0,move,14,11,6,991,34,50,80
0,d,15,11,6,991,34,50,80
0,d,14,11,11,991,34,50,80
0,d,13,11,1,991,34,50,80
0,d,12,11,11,991,34,50,80
0,d,11,11,6,991,34,50,80
0,d,10,11,1,991,34,50,80
0,d,9,1,6,991,34,50,80
0,f,8,1,6,991,34,50,80
0,d,9,1,6,991,34,50,80
0,d,8,1,1,991,34,50,80
0,d,7,11,11,991,34,50,80
0,f,6,11,11,991,34,50,80
0,move,7,5,7,991,34,50,80
0,move,7,3,7,991,34,50,80
0,move,7,1,6,987,34,50,88
122,1,7,0,0,987,34,50,88
0,f,7,1,1,987,34,50,38
0,f,8,1,6,987,34,50,38
0,f,9,11,1,987,34,50,38
0,f,10,11,6,987,34,50,38
0,f,11,11,11,987,34,50,38
0,d,12,11,11,987,34,50,38
0,move,11,9,6,987,34,50,38
0,move,11,11,6,987,34,50,38
0,f,10,11,6,987,34,50,38
0,f,11,11,11,987,34,50,38
0,f,12,11,1,987,34,50,38
0,f,13,11,11,987,34,50,38
0,f,14,11,6,987,34,50,38
0,move,15,11,8,987,34,50,38
0,move,15,11,9,987,34,50,38
0,move,15,9,9,987,34,50,41
0,move,15,6,9,987,34,50,41
0,move,15,4,9,987,34,50,41
0,move,15,3,11,887,34,50,53
0,move,15,2,11,887,34,50,53
0,move,15,1,9,847,34,50,61
0,move,15,1,6,847,34,50,61
0,d,16,1,6,847,34,50,61
0,d,15,11,6,847,34,50,61
0,d,14,11,11,847,34,50,61
0,d,13,11,1,847,34,50,61
0,d,12,11,11,847,34,50,61
0,d,11,11,6,847,34,50,61
0,d,10,11,1,847,34,50,61
0,d,9,1,6,847,34,50,61
0,d,8,1,1,847,34,50,61
0,d,7,11,11,847,34,50,61
0,d,6,1,1,847,34,50,61
0,d,5,11,1,847,34,50,61
0,f,4,11,1,847,34,50,61
0,f,5,1,1,847,34,50,61
0,f,6,11,11,847,34,50,61
0,f,7,1,1,847,34,50,61
0,f,8,1,6,847,34,50,61
0,d,9,1,6,847,34,50,61
0,d,8,1,1,847,34,50,61
0,d,7,11,11,847,34,50,61
0,move,6,1,9,847,34,50,61
0,move,6,1,10,847,34,50,61
0,move,6,2,11,847,34,50,62
0,move,6,4,11,847,34,50,62
0,move,6,4,8,847,34,50,65
122,1,6,0,0,847,34,50,65
0,f,6,11,11,847,34,50,15
0,f,7,1,1,847,34,50,15
0,f,8,1,6,847,34,50,15
0,f,9,11,1,847,34,50,15
0,f,10,11,6,847,34,50,15
0,f,11,11,11,847,34,50,15
0,f,12,11,1,847,34,50,15
0,f,13,11,11,847,34,50,15
0,f,14,11,6,847,34,50,15
0,f,15,1,6,847,34,50,15
0,move,16,3,7,847,34,50,15
0,move,16,4,6,847,34,50,15
0,move,16,5,5,847,34,50,15
0,move,16,7,7,947,34,50,15
0,move,16,8,6,947,34,50,15
0,move,16,11,6,947,34,50,15
0,move,17,11,6,947,34,50,15
0,move,16,11,6,947,34,50,15
0,move,17,11,4,947,34,50,15
0,move,17,11,1,847,34,50,27
0,move,17,10,2,947,34,50,27
0,move,17,8,1,947,34,50,27
0,move,17,8,3,947,34,50,39
0,move,17,5,1,947,34,50,51
0,move,17,5,3,947,34,50,63
0,move,17,2,2,947,34,50,75
0,d,17,11,6,947,54,50,75
0,d,16,1,6,947,54,50,75
0,d,15,11,6,947,54,50,75
0,d,14,11,11,947,54,50,75
0,d,13,11,1,947,54,50,75
0,d,12,11,11,947,54,50,75
0,d,11,11,6,947,54,50,75
0,d,10,11,1,947,54,50,75
0,d,9,1,6,947,54,50,75
0,d,8,1,1,947,54,50,75
0,f,7,1,1,947,54,50,75
0,f,8,1,6,947,54,50,75
0,move,9,3,1,947,54,50,75
0,move,9,2,2,945,54,50,83
0,f,9,11,1,945,54,50,83
0,f,10,11,6,945,54,50,83
0,f,11,11,11,945,54,50,83
0,f,12,11,1,945,54,50,83
0,f,13,11,11,945,54,50,83
0,f,14,11,6,945,54,50,83
0,f,15,1,6,945,54,50,83
0,f,16,11,6,945,54,50,83
0,d,17,11,6,945,54,50,83
0,move,16,10,4,945,54,50,83
0,move,16,9,2,945,54,50,83
0,move,16,8,2,925,54,50,91
0,move,16,7,2,925,54,50,91
0,move,16,7,1,925,54,50,91
0,move,16,6,1,925,54,52,91
0,move,16,5,1,1025,54,52,91
0,move,16,5,2,1025,56,52,91
0,move,16,8,2,1025,56,52,91
0,move,16,10,2,1025,56,52,91
0,move,16,10,5,1025,56,52,91
0,move,16,10,6,1025,56,52,91
0,f,16,11,6,1025,56,52,91
0,d,17,11,6,1025,56,52,91
0,d,16,1,6,1025,56,52,91
0,d,15,11,6,1025,56,52,91
0,d,14,11,11,1025,56,52,91
0,d,13,11,1,1025,56,52,91
0,d,12,11,11,1025,56,52,91
0,d,11,11,6,1025,56,52,91
0,move,10,7,2,1025,56,52,91
0,move,10,6,3,1025,56,52,99
0,move,10,7,10,1025,56,52,105
0,move,10,6,11,1025,56,52,113
0,d,10,11,1,1025,56,52,119
0,move,9,11,8,1025,56,52,119
0,move,9,11,9,1025,56,52,119
0,move,9,9,9,1025,56,52,124
0,move,9,10,10,1025,56,52,124
0,move,9,9,11,1025,56,52,130
0,move,9,11,11,1025,56,52,135
0,move,9,6,11,1075,56,52,135
0,move,9,2,10,1075,56,52,143
0,move,9,1,3,1075,56,52,144
0,d,9,1,6,1075,56,52,150
0,move,8,9,11,1075,56,52,150
0,move,8,10,11,1075,56,52,150
0,move,8,11,10,1075,56,52,156
0,move,8,11,9,1075,56,52,164
0,move,8,10,8,1075,56,52,164
0,move,8,10,7,1125,56,52,164
0,move,8,11,7,1125,56,52,164
0,d,8,1,1,1125,56,52,164
0,move,7,3,5,1125,56,52,164
0,d,7,11,11,1125,56,52,166
0,move,6,6,8,1125,56,52,166
0,move,6,6,9,1125,56,52,172
0,move,6,3,10,1125,56,52,180
0,move,6,3,8,1125,56,52,186
0,move,6,8,1,1175,56,52,186
0,d,6,1,1,1175,56,52,191
0,move,5,5,3,1175,56,52,191
0,move,5,2,8,1175,56,52,196
0,d,5,11,1,1175,56,52,197
0,move,4,5,9,1175,56,52,197
0,move,4,10,3,1175,56,52,203
0,move,4,11,8,1175,56,52,204
0,d,4,11,11,1175,56,52,205
0,d,3,11,1,1175,56,52,205
0,d,2,1,1,1175,56,52,205
0,move,1,11,9,1175,56,52,205
0,move,1,11,11,1175,56,52,206
0,f,1,1,1,1175,56,52,207
0,f,2,11,1,1175,56,52,207
0,f,3,11,11,1175,56,52,207
0,f,4,11,1,1175,56,52,207
0,d,5,11,1,1175,56,52,207
0,move,4,4,10,1175,56,52,207
0,move,4,3,10,1175,56,52,207
0,move,4,2,9,1175,56,52,215
0,move,4,2,11,1175,56,52,215
0,move,4,1,10,1375,56,52,215
0,f,4,11,1,1375,56,52,215
0,f,5,1,1,1375,56,52,215
0,f,6,11,11,1375,56,52,215
0,f,7,1,1,1375,56,52,215
0,move,8,2,7,1375,56,52,215
0,f,8,1,6,1375,56,52,216
0,f,9,11,1,1375,56,52,216
0,f,10,11,6,1375,56,52,216
0,f,11,11,11,1375,56,52,216
0,d,12,11,11,1375,56,52,216
0,f,11,11,11,1375,56,52,216
0,f,12,11,1,1375,56,52,216
0,f,13,11,11,1375,56,52,216
0,move,14,8,10,1375,56,52,216
0,d,14,11,11,1359,56,52,224
0,d,13,11,1,1359,56,52,224
0,move,12,9,6,1359,56,52,224
131,2,12,0,0,1359,56,52,224
0,move,12,11,7,1359,60,52,4
0,move,12,10,6,1359,60,52,4
0,move,12,11,6,1359,60,52,4
0,f,12,11,1,1359,60,52,4
0,d,13,11,1,1359,60,52,4
0,d,12,11,11,1359,60,52,4
0,f,11,11,11,1359,60,52,4
0,d,12,11,11,1359,60,52,4
0,d,11,11,6,1359,60,52,4
0,f,10,11,6,1359,60,52,4
0,f,11,11,11,1359,60,52,4
0,f,12,11,1,1359,60,52,4
0,f,13,11,11,1359,60,52,4
0,f,14,11,6,1359,60,52,4
0,move,15,1,6,1359,60,52,4
0,d,16,1,6,1359,60,52,4
0,d,15,11,6,1359,60,52,4
0,d,14,11,11,1359,60,52,4
0,d,13,11,1,1359,60,52,4
0,move,12,9,11,1359,60,52,4
0,d,12,11,11,1227,60,52,22
0,move,11,9,5,1227,60,52,22
0,move,11,9,4,1227,60,52,22
0,move,11,11,4,1211,60,52,30
0,move,11,11,3,1211,60,52,30
0,move,11,11,2,1211,60,52,30
0,move,11,11,1,1211,60,52,30
0,move,11,10,1,1211,60,52,30
0,move,11,10,2,1211,60,52,30
0,move,11,9,2,1211,60,52,30
0,move,11,8,2,1163,60,52,42
0,move,11,7,1,1163,60,52,42
0,move,11,5,3,1563,60,52,42
0,move,11,5,1,1434,60,52,64
0,move,11,2,2,1305,60,52,86
0,move,11,7,2,1305,60,72,86
0,move,11,9,2,1305,60,72,86
0,move,11,9,3,1305,60,72,86
0,move,11,9,11,1305,60,72,86
0,f,11,11,11,1305,60,72,86
0,move,12,8,11,1305,60,72,86
0,move,12,7,11,1305,60,72,86
0,move,12,6,10,1305,60,72,94
0,f,12,11,1,1305,60,74,94
0,f,13,11,11,1305,60,74,94
0,f,14,11,6,1305,60,74,94
0,move,15,1,4,1305,60,74,94
0,move,15,2,1,1305,60,74,94
0,move,15,1,1,1261,60,74,112
0,move,15,2,6,1261,60,76,112
0,f,15,1,6,1261,60,76,112
0,f,16,11,6,1261,60,76,112
0,d,17,11,6,1261,60,76,112
0,d,16,1,6,1261,60,76,112
0,d,15,11,6,1261,60,76,112
0,d,14,11,11,1261,60,76,112
0,d,13,11,1,1261,60,76,112
0,d,12,11,11,1261,60,76,112
0,move,11,8,11,1261,60,76,112
0,move,11,4,11,1237,60,76,124
0,move,11,1,11,1237,60,76,132
0,move,11,1,10,1237,60,76,132
0,move,11,3,9,1337,60,76,132
0,move,11,2,8,1337,60,76,132
0,move,11,1,7,1301,60,76,150
0,move,11,1,5,1301,60,76,150
0,move,11,3,11,1301,62,76,150
0,f,11,11,11,1301,62,76,150
0,move,12,11,7,1301,62,76,150
0,move,12,6,10,1301,62,76,150
0,move,12,7,9,1301,62,76,150
0,move,12,6,8,1301,62,76,150
0,move,12,6,7,1301,62,76,150
0,move,12,5,6,1244,62,76,172
0,move,12,4,6,1208,62,76,190
0,move,12,3,7,1208,62,76,190
0,move,12,1,7,1151,62,76,212
0,move,12,1,6,1151,62,76,212
0,move,12,1,5,1151,64,76,212
0,move,12,6,6,1151,64,76,212
0,f,12,11,1,1151,64,76,212
0,f,13,11,11,1151,64,76,212
0,move,14,7,11,1151,64,76,212
0,move,14,6,11,1151,64,76,212
0,move,14,6,9,1115,64,76,230
0,move,14,5,8,1215,64,76,230
0,move,14,4,7,1191,64,76,242
0,move,14,2,7,1191,64,76,242
0,move,14,1,7,927,64,76,272
0,move,14,1,6,1027,64,76,272
0,move,14,1,5,1027,64,76,272
0,move,14,5,8,1027,64,78,272
0,move,14,7,7,1027,64,78,272
0,move,14,8,6,1027,64,78,272
0,move,14,11,6,1027,64,78,272
0,d,15,11,6,1027,64,78,272
0,d,14,11,11,1027,64,78,272
0,d,13,11,1,1027,64,78,272
0,d,12,11,11,1027,64,78,272
0,f,11,11,11,1027,64,78,272
0,f,12,11,1,1027,64,78,272
0,f,13,11,11,1027,64,78,272
0,f,14,11,6,1027,64,78,272
0,f,15,1,6,1027,64,78,272
0,f,16,11,6,1027,64,78,272
0,move,17,11,8,1027,64,78,272
0,d,17,11,6,1005,64,78,284
0,d,16,1,6,1005,64,78,284
0,d,15,11,6,1005,64,78,284
0,f,14,11,6,1005,64,78,284
0,d,15,11,6,1005,64,78,284
0,d,14,11,11,1005,64,78,284
0,d,13,11,1,1005,64,78,284
0,move,12,9,9,1005,64,78,284
0,f,12,11,1,1005,64,78,292
0,d,13,11,1,1005,64,78,292
0,d,12,11,11,1005,64,78,292
0,move,11,2,6,1005,64,78,292
0,f,11,11,11,1005,64,78,295
0,d,12,11,11,1005,64,78,295
0,move,11,7,4,1005,64,78,295
0,f,11,11,11,983,64,78,307
0,move,12,10,3,983,64,78,307
0,move,12,9,3,983,64,78,307
0,move,12,8,2,955,64,78,325
0,move,12,8,1,955,64,78,325
0,move,12,7,1,955,64,78,325
0,move,12,7,2,955,64,78,325
0,move,12,9,6,955,64,78,325
131,2,12,0,0,955,64,78,325
0,move,12,11,6,955,68,78,5
0,move,12,7,6,955,68,78,5
0,move,12,5,9,1355,68,78,5
0,f,12,11,1,1455,68,78,5
0,f,13,11,11,1455,68,78,5
0,f,14,11,6,1455,68,78,5
0,f,15,1,6,1455,68,78,5
0,f,16,11,6,1455,68,78,5
0,d,17,11,6,1455,68,78,5
0,f,16,11,6,1455,68,78,5
0,move,17,9,6,1455,68,78,5
0,move,17,7,5,1421,68,78,27
0,move,17,5,5,1393,68,78,45
0,move,17,3,5,1393,68,78,45
0,move,17,1,6,1141,68,78,75
0,move,18,3,6,1141,68,78,75
0,move,18,6,6,1141,68,78,75
0,move,18,7,2,1141,68,78,75
0,move,18,8,1,1113,68,78,93
0,move,18,9,1,1113,68,78,93
0,move,18,10,2,1079,68,78,115
0,move,18,11,2,1079,68,78,115
0,move,18,11,1,1079,70,78,115
0,move,18,2,7,1179,70,78,115
0,move,18,1,8,1179,70,78,115
0,move,18,1,9,1179,70,78,115
0,move,18,1,11,1145,70,78,137
0,move,18,2,11,1145,70,78,137
0,move,18,3,11,1145,70,78,137
0,move,18,4,11,1145,70,78,137
0,move,18,5,11,1145,70,78,137
0,move,18,2,6,1145,70,78,137
0,move,18,1,4,1145,70,78,137
0,move,18,2,3,1145,70,78,137
0,move,18,1,1,1145,70,78,137
0,d,19,1,1,1145,70,78,137
0,d,18,1,6,1145,70,78,137
0,d,17,11,6,1145,70,78,137
0,d,16,1,6,1145,70,78,137
0,move,15,4,1,1145,70,78,137
0,move,15,7,1,1145,70,78,137
0,move,15,9,2,1145,70,78,145
0,move,15,7,3,1145,70,78,145
0,move,15,6,3,1145,70,78,145
0,move,15,5,3,1145,70,78,145
0,f,15,1,6,1145,70,78,145
0,f,16,11,6,1145,70,78,145
0,f,17,1,6,1145,70,78,145
0,f,18,1,1,1145,70,78,145
0,move,19,3,1,1145,70,78,145
0,move,19,4,1,1145,70,78,145
0,move,19,6,1,1145,70,78,148
0,move,19,7,1,1145,70,78,148
0,move,19,8,3,1145,70,78,160
0,move,19,8,6,1145,70,78,168
0,move,19,7,6,1145,70,78,168
0,move,19,6,7,1145,70,78,168
0,move,19,5,8,947,70,78,196
0,move,19,4,6,947,70,78,196
0,move,19,3,6,947,70,78,196
0,move,19,5,4,947,70,78,196
0,move,19,4,6,947,70,78,196
0,move,19,4,7,947,70,78,196
0,move,19,5,7,947,70,78,196
0,move,19,5,7,947,70,78,196
0,move,19,6,7,947,70,78,196
0,move,19,6,6,947,70,78,196
0,move,19,7,6,947,70,78,196
0,move,19,8,6,947,70,78,196
0,move,19,8,8,947,70,78,196
0,move,19,9,9,863,70,78,226
0,move,19,9,10,963,70,78,226
0,move,19,10,11,963,70,78,226
0,move,19,11,10,963,70,78,238
0,move,19,11,8,963,70,78,241
0,move,19,10,7,963,70,78,241
0,move,19,10,5,963,70,78,241
0,move,19,11,6,963,70,78,241
0,move,20,11,4,963,70,78,241
0,move,20,11,1,929,70,78,263
0,d,20,11,6,1029,70,78,263
0,move,19,3,8,1029,70,78,263
0,move,19,1,8,945,70,78,293
0,f,19,11,6,945,70,78,293
0,move,20,9,1,945,70,78,293
0,move,20,7,1,945,70,78,293
0,move,20,6,2,945,70,78,296
0,move,20,5,1,945,70,78,296
0,move,20,4,1,945,70,78,296
0,move,20,4,2,945,70,80,296
0,move,20,11,5,945,72,80,296
0,d,20,11,6,945,72,80,296
0,move,19,8,11,945,72,80,296
0,move,19,7,11,940,72,80,314
0,move,19,5,11,940,72,80,314
0,move,19,3,10,940,72,80,322
0,move,19,2,10,940,72,80,322
0,move,19,1,10,940,72,80,334
0,move,19,1,11,940,72,80,334
0,d,19,1,1,940,74,80,334
0,move,18,7,10,940,74,80,334
0,move,18,8,11,880,74,80,362
0,move,18,9,11,880,74,80,362
0,move,18,10,10,850,74,80,384
0,move,18,11,10,850,74,80,384
0,move,18,11,11,850,74,82,384
0,d,18,1,6,950,74,82,384
0,move,17,10,10,950,74,82,384
0,move,17,8,9,950,74,82,384
0,move,17,8,11,947,74,82,402
0,move,17,5,9,944,74,82,420
0,move,17,5,11,868,74,82,450
0,move,17,3,9,792,74,82,480
0,move,17,3,11,792,74,82,480
0,move,17,1,11,792,74,82,480
0,move,17,1,9,792,74,84,480
0,move,17,8,9,792,76,84,480
0,f,17,1,6,792,76,84,480
0,f,18,1,1,792,76,84,480
0,f,19,11,6,792,76,84,480
0,d,20,11,6,792,76,84,480
0,d,19,1,1,792,76,84,480
0,d,18,1,6,792,76,84,480
0,d,17,11,6,792,76,84,480
0,d,16,1,6,792,76,84,480
0,d,15,11,6,792,76,84,480
0,d,14,11,11,792,76,84,480
0,d,13,11,1,792,76,84,480
0,d,12,11,11,792,76,84,480
0,f,11,11,11,792,76,84,480
0,f,12,11,1,792,76,84,480
0,f,13,11,11,792,76,84,480
0,f,14,11,6,792,76,84,480
0,f,15,1,6,792,76,84,480
0,f,16,11,6,792,76,84,480
0,f,17,1,6,792,76,84,480
0,f,18,1,1,792,76,84,480
0,f,19,11,6,792,76,84,480
0,d,20,11,6,792,76,84,480
0,d,19,1,1,792,76,84,480
0,d,18,1,6,792,76,84,480
0,d,17,11,6,792,76,84,480
0,d,16,1,6,792,76,84,480
0,d,15,11,6,792,76,84,480
0,move,14,5,6,792,76,84,480
0,move,14,5,4,760,76,84,508
0,move,14,5,1,760,76,84,520
0,move,14,7,1,860,76,84,520
0,move,14,9,1,860,76,84,520
0,move,14,11,1,838,76,84,542
0,move,14,5,2,838,76,84,542
0,move,14,4,2,838,76,84,542
0,move,14,2,2,838,76,84,542
0,move,14,1,1,766,76,84,572
0,move,14,1,3,694,76,84,602
0,move,14,3,1,622,76,84,632
0,d,14,11,11,622,76,84,632
0,d,13,11,1,622,76,84,632
0,d,12,11,11,622,76,84,632
0,f,11,11,11,622,76,84,632
0,f,12,11,1,622,76,84,632
0,f,13,11,11,622,76,84,632
0,f,14,11,6,622,76,84,632
0,f,15,1,6,622,76,84,632
0,f,16,11,6,622,76,84,632
0,f,17,1,6,622,76,84,632
0,f,18,1,1,622,76,84,632
0,f,19,11,6,622,76,84,632
0,d,20,11,6,622,76,84,632
0,d,19,1,1,622,76,84,632
0,d,18,1,6,622,76,84,632
0,move,17,11,11,622,76,84,632
0,move,17,2,10,722,76,84,632
0,f,17,1,6,1122,76,84,632
0,f,18,1,1,1122,76,84,632
0,f,19,11,6,1122,76,84,632
0,move,20,9,6,1122,76,84,632
0,move,20,8,6,1122,76,84,632
0,move,20,6,6,1122,76,84,632
0,move,20,9,6,547,76,84,776
0,move,20,8,6,547,76,84,776
0,move,20,4,6,947,76,84,776
0,move,20,4,5,947,76,84,776
0,move,20,4,7,947,76,84,776
0,move,20,5,8,947,76,84,776
0,move,20,7,8,947,76,86,776
0,move,20,6,8,947,76,88,776
0,move,20,7,4,947,76,90,776
0,move,20,6,4,947,78,90,776
0,move,20,5,4,947,80,90,776
0,move,20,5,6,947,82,90,776
0,f,20,1,6,947,82,90,776
0,f,21,11,6,947,82,90,776
0,f,22,6,6,947,82,90,776
0,f,23,1,11,947,82,90,776
0,f,24,10,2,947,82,90,776
0,f,25,11,1,947,82,90,776
0,f,26,10,2,947,82,90,776
0,f,27,11,11,947,82,90,776
0,f,28,11,1,947,82,90,776
0,move,29,2,7,947,82,90,776
0,move,29,2,6,947,82,90,776
0,move,29,3,6,947,82,90,776
0,move,29,10,6,947,82,90,776
0,move,29,11,6,947,82,90,776
0,move,30,5,5,947,82,90,776
0,move,30,5,4,947,82,90,777
0,move,30,5,3,947,82,90,779
0,move,30,5,7,947,82,90,787
0,move,30,5,7,947,82,90,788
0,move,30,5,8,947,82,90,788
0,move,30,5,9,947,82,90,790
0,f,30,1,6,947,82,90,798
0,move,31,8,6,947,82,90,798
0,move,31,9,6,887,82,90,828
0,f,31,11,6,827,82,90,858
0,move,32,10,6,827,82,90,858
0,move,32,10,7,827,82,90,858
0,move,32,10,8,827,82,90,858
0,move,32,11,8,827,82,90,858
0,move,32,11,10,467,82,90,893
0,move,32,10,10,467,82,90,893
131,3,32,0,0,467,82,90,893
0,move,32,10,10,467,82,106,453
131,move,32,0,0,467,82,106,453
0,move,32,10,7,467,82,106,453
0,move,32,11,5,467,82,106,453
0,d,31,1,6,467,82,106,453
0,d,30,11,6,467,82,106,453
0,d,29,11,1,467,82,106,453
0,d,28,11,11,467,82,106,453
0,d,27,10,2,467,82,106,453
0,d,26,11,1,467,82,106,453
0,d,25,10,2,467,82,106,453
0,d,24,11,1,467,82,106,453
0,d,23,1,1,467,82,106,453
0,d,22,11,6,467,82,106,453
0,d,21,1,6,467,82,106,453
0,d,20,11,6,467,82,106,453
0,d,19,1,1,467,82,106,453
0,f,18,1,1,467,82,106,453
0,f,19,11,6,467,82,106,453
0,move,20,10,2,467,82,106,453
0,move,20,8,2,467,82,106,481
0,move,20,11,8,467,82,106,484
0,move,20,10,10,467,82,106,506
0,d,20,11,6,467,82,106,534
0,move,19,9,6,467,82,106,534
0,move,19,6,5,439,82,106,564
0,f,19,11,6,439,82,106,592
0,f,20,1,6,439,82,106,592
0,f,21,11,6,439,82,106,592
0,f,22,6,6,439,82,106,592
0,f,23,1,11,439,82,106,592
0,f,24,10,2,439,82,106,592
0,f,25,11,1,439,82,106,592
0,f,26,10,2,439,82,106,592
0,f,27,11,11,439,82,106,592
0,f,28,11,1,439,82,106,592
0,f,29,11,6,439,82,106,592
0,f,30,1,6,439,82,106,592
0,f,31,11,6,439,82,106,592
0,move,32,10,10,439,82,106,592
131,3,32,0,0,439,82,106,592
0,move,32,10,10,439,82,122,12
131,move,32,0,0,439,82,122,12
0,d,32,11,5,439,82,122,12
0,d,31,1,6,439,82,122,12
0,d,30,11,6,439,82,122,12
0,d,29,11,1,439,82,122,12
0,d,28,11,11,439,82,122,12
0,d,27,10,2,439,82,122,12
0,d,26,11,1,439,82,122,12
0,d,25,10,2,439,82,122,12
0,d,24,11,1,439,82,122,12
0,d,23,1,1,439,82,122,12
0,d,22,11,6,439,82,122,12
0,d,21,1,6,439,82,122,12
0,d,20,11,6,439,82,122,12
0,d,19,1,1,439,82,122,12
0,d,18,1,6,439,82,122,12
0,d,17,11,6,439,82,122,12
0,d,16,1,6,439,82,122,12
0,d,15,11,6,439,82,122,12
0,d,14,11,11,439,82,122,12
0,d,13,11,1,439,82,122,12
0,d,12,11,11,439,82,122,12
0,d,11,11,6,439,82,122,12
0,d,10,11,1,439,82,122,12
0,d,9,1,6,439,82,122,12
0,d,8,1,1,439,82,122,12
0,d,7,11,11,439,82,122,12
0,d,6,1,1,439,82,122,12
0,d,5,11,1,439,82,122,12
0,d,4,11,11,439,82,122,12
0,d,3,11,1,439,82,122,12
0,d,2,1,1,439,82,122,12
0,move,1,3,4,439,82,122,12
0,move,1,3,1,439,82,122,12
0,move,1,4,2,489,82,122,12
0,move,1,5,2,489,82,122,18
0,move,1,6,1,489,82,122,18
0,move,1,7,2,489,82,122,18
0,move,1,8,2,489,82,122,26
0,move,1,10,1,489,82,122,26
0,move,1,11,1,539,82,122,26
0,move,1,11,2,589,82,122,26
0,move,1,10,3,589,82,122,26
0,move,1,11,3,589,82,122,26
0,f,1,1,1,589,82,122,26
0,f,2,11,1,589,82,122,26
0,f,3,11,11,589,82,122,26
0,f,4,11,1,589,82,122,26
0,f,5,1,1,589,82,122,26
0,f,6,11,11,589,82,122,26
0,f,7,1,1,589,82,122,26
0,f,8,1,6,589,82,122,26
0,f,9,11,1,589,82,122,26
0,f,10,11,6,589,82,122,26
0,f,11,11,11,589,82,122,26
0,move,12,5,11,589,82,122,26
0,move,12,3,10,589,82,122,38
0,move,12,6,7,589,82,122,56
0,move,12,5,4,589,82,122,56
0,move,12,5,2,589,82,122,56
0,move,12,4,1,589,82,122,78
0,move,12,2,3,589,82,122,78
0,move,12,1,2,589,82,122,90
0,move,12,3,5,589,82,122,90
0,f,12,11,1,589,82,122,112
0,f,13,11,11,589,82,122,112
0,move,14,8,4,589,82,122,112
0,move,14,9,3,589,82,122,130
0,move,14,6,2,589,82,122,152
0,move,14,2,5,589,82,122,160
0,move,14,4,11,589,82,122,168
0,move,14,4,10,589,82,122,168
0,move,14,3,10,589,82,122,198
0,move,14,2,11,589,82,122,198
0,move,14,1,11,589,82,122,198
0,move,14,1,10,589,82,122,198
0,move,14,1,9,589,82,122,198
0,f,14,11,6,589,82,122,198
0,move,15,10,3,589,82,122,198
0,move,15,11,2,589,82,122,210
0,move,15,10,1,589,82,122,232
0,move,15,2,3,589,82,122,244
0,move,15,3,3,589,82,122,244
0,move,15,1,2,589,82,122,252
0,move,15,5,10,589,82,122,282
0,move,15,6,11,589,82,122,294
0,move,15,10,10,589,82,122,316
0,move,15,8,11,589,82,122,319
0,f,15,1,6,989,82,122,319
0,move,16,9,6,989,82,122,319
0,move,16,9,7,989,82,122,319
0,move,16,9,5,989,82,122,331
0,move,16,6,6,989,82,122,343
0,move,16,3,5,989,82,122,373
0,move,16,6,3,989,82,122,391
0,move,16,2,4,989,82,122,419
0,move,16,2,2,989,82,122,419
0,move,16,3,2,989,82,122,441
0,move,16,1,2,989,82,122,453
0,move,16,1,1,989,82,122,465
0,move,16,2,1,989,82,122,465
0,move,16,3,1,989,82,122,465
0,move,16,5,6,989,82,122,465
0,move,16,2,8,989,82,122,465
0,move,16,2,9,989,82,122,465
0,move,16,1,11,989,82,122,473
0,move,16,4,10,989,82,122,485
0,move,16,5,10,989,82,122,485
0,move,16,7,9,989,82,122,503
0,move,16,10,8,989,82,122,515
0,move,16,11,9,989,82,122,515
0,move,16,9,10,899,82,122,545
0,move,16,11,10,899,82,122,567
0,move,16,11,11,899,82,122,567
0,move,16,11,11,899,82,122,567
0,move,16,7,11,899,82,122,567
0,move,16,5,10,899,82,122,567
0,move,16,3,11,899,82,122,567
0,move,16,6,6,999,82,122,567
0,f,16,11,6,999,82,122,567
0,move,17,7,7,999,82,122,567
0,move,17,3,7,999,82,122,575
0,f,17,1,6,999,82,122,587
0,move,18,4,5,999,82,122,587
0,move,18,4,7,999,82,122,617
0,move,18,4,9,999,82,122,647
0,move,18,2,10,999,82,122,665
0,move,18,5,10,999,82,122,673
0,move,18,8,4,999,82,122,685
0,move,18,9,4,999,82,122,685
0,move,18,10,4,999,82,122,697
0,move,18,9,5,999,82,122,709
0,move,18,10,5,999,82,122,721
0,move,18,11,5,999,82,122,733
0,f,18,1,1,999,82,122,733
0,move,19,5,10,999,82,122,733
0,f,19,11,6,999,82,122,741
0,f,20,1,6,999,82,122,741
0,f,21,11,6,999,82,122,741
0,f,22,6,6,999,82,122,741
0,f,23,1,11,999,82,122,741
0,f,24,10,2,999,82,122,741
0,f,25,11,1,999,82,122,741
0,f,26,10,2,999,82,122,741
0,f,27,11,11,999,82,122,741
0,f,28,11,1,999,82,122,741
0,f,29,11,6,999,82,122,741
0,f,30,1,6,999,82,122,741
0,f,31,11,6,999,82,122,741
0,move,32,10,10,999,82,122,741
131,2,32,0,0,999,82,122,741
0,move,32,10,6,999,90,122,1
0,move,32,11,6,999,90,122,1
0,move,32,9,6,999,90,122,1
0,move,32,1,11,915,90,122,101
0,move,33,2,8,915,90,122,101
0,move,33,3,11,915,90,122,101
0,move,33,4,10,1715,90,122,101
0,move,33,5,10,1715,90,122,101
0,move,33,5,9,1715,90,122,101
0,move,33,5,11,1541,90,122,136
0,move,33,7,11,1367,90,122,171
0,move,33,7,9,743,90,122,216
0,move,33,10,10,119,90,122,261
0,move,33,7,10,119,130,122,261
0,move,33,5,10,119,130,122,261
0,move,33,3,8,119,130,122,261
0,d,33,1,11,119,130,122,261
0,move,32,1,3,119,130,122,261
0,move,32,2,2,119,130,122,261
0,move,32,1,1,119,134,122,261
0,move,32,1,5,119,134,126,261
0,move,32,9,6,119,134,126,261
0,move,32,10,6,119,134,126,261
0,move,32,11,5,119,134,126,261
0,f,31,11,6,119,134,126,261
0,f,32,1,11,119,134,126,261
0,move,33,1,7,119,134,126,261
0,move,33,1,6,119,134,126,261
0,move,33,2,5,91,134,126,291
0,move,33,1,4,291,134,126,291
0,move,33,1,3,291,134,126,321
0,move,33,1,1,291,134,126,321
0,d,34,1,1,291,134,126,321
0,move,33,3,6,291,134,126,321
0,move,33,3,4,291,134,126,321
0,move,33,1,2,291,134,126,321
0,move,33,1,1,291,134,126,321
0,move,34,3,2,291,134,126,321
0,move,34,4,2,263,134,126,351
0,move,34,8,2,263,134,126,351
0,move,34,9,3,263,134,126,351
0,move,34,10,4,155,134,126,386
0,move,34,11,6,155,134,126,386
0,move,35,10,5,155,134,126,386
0,d,35,11,6,155,134,126,386
0,d,34,1,1,155,134,126,386
0,d,33,1,11,155,134,126,386
0,d,32,11,5,155,134,126,386
0,d,31,1,6,155,134,126,386
0,d,30,11,6,155,134,126,386
0,f,29,11,6,155,134,126,386
0,f,30,1,6,155,134,126,386
0,f,31,11,6,155,134,126,386
0,f,32,1,11,155,134,126,386
0,f,33,1,1,155,134,126,386
0,f,34,11,6,155,134,126,386
0,d,35,11,6,155,134,126,386
0,d,34,1,1,155,134,126,386
0,d,33,1,11,155,134,126,386
0,d,32,11,5,155,134,126,386
0,d,31,1,6,155,134,126,386
0,d,30,11,6,155,134,126,386
0,d,29,11,1,155,134,126,386
0,d,28,11,11,155,134,126,386
0,d,27,10,2,155,134,126,386
0,d,26,11,1,155,134,126,386
0,d,25,10,2,155,134,126,386
0,d,24,11,1,155,134,126,386
0,d,23,1,1,155,134,126,386
0,d,22,11,6,155,134,126,386
0,d,21,1,6,155,134,126,386
0,move,20,8,7,155,134,126,386
0,move,20,8,5,555,134,126,386
0,move,20,11,11,955,134,126,386
0,d,20,11,6,1055,134,126,386
0,d,19,1,1,1055,134,126,386
0,d,18,1,6,1055,134,126,386
0,d,17,11,6,1055,134,126,386
0,d,16,1,6,1055,134,126,386
0,move,15,11,11,1055,134,126,386
122,1,15,0,0,1055,134,126,386
0,f,15,1,6,1055,134,126,186
0,d,16,1,6,1055,134,126,186
0,d,15,11,6,1055,134,126,186
0,d,14,11,11,1055,134,126,186
0,d,13,11,1,1055,134,126,186
0,d,12,11,11,1055,134,126,186
0,d,11,11,6,1055,134,126,186
0,d,10,11,1,1055,134,126,186
0,d,9,1,6,1055,134,126,186
0,d,8,1,1,1055,134,126,186
0,d,7,11,11,1055,134,126,186
0,d,6,1,1,1055,134,126,186
0,d,5,11,1,1055,134,126,186
0,d,4,11,11,1055,134,126,186
0,d,3,11,1,1055,134,126,186
0,move,2,1,3,1055,134,126,186
0,move,2,2,6,1055,134,126,186
0,move,2,2,8,839,134,126,236
0,move,2,5,3,623,134,126,286
0,move,2,4,3,623,134,126,286
0,move,2,4,4,623,134,126,286
0,move,2,10,4,623,134,126,286
0,move,2,10,3,823,134,126,286
0,move,2,11,3,1023,134,126,286
0,move,2,11,11,1223,134,126,286
0,move,2,4,11,1223,134,126,286
0,move,2,5,8,1223,134,126,1286
0,f,2,11,1,1223,134,126,1286
0,f,3,11,11,1223,134,126,1286
0,f,4,11,1,1223,134,126,1286
0,f,5,1,1,1223,134,126,1286
0,f,6,11,11,1223,134,126,1286
0,f,7,1,1,1223,134,126,1286
0,f,8,1,6,1223,134,126,1286
0,f,9,11,1,1223,134,126,1286
0,f,10,11,6,1223,134,126,1286
0,f,11,11,11,1223,134,126,1286
0,f,12,11,1,1223,134,126,1286
0,f,13,11,11,1223,134,126,1286
0,f,14,11,6,1223,134,126,1286
0,f,15,1,6,1223,134,126,1286
0,f,16,11,6,1223,134,126,1286
0,f,17,1,6,1223,134,126,1286
0,f,18,1,1,1223,134,126,1286
0,f,19,11,6,1223,134,126,1286
0,f,20,1,6,1223,134,126,1286
0,f,21,11,6,1223,134,126,1286
0,f,22,6,6,1223,134,126,1286
0,f,23,1,11,1223,134,126,1286
0,f,24,10,2,1223,134,126,1286
0,f,25,11,1,1223,134,126,1286
0,f,26,10,2,1223,134,126,1286
0,f,27,11,11,1223,134,126,1286
0,f,28,11,1,1223,134,126,1286
0,f,29,11,6,1223,134,126,1286
0,f,30,1,6,1223,134,126,1286
0,f,31,11,6,1223,134,126,1286
0,move,32,11,10,1223,134,126,1286
0,move,32,10,10,1223,134,126,1286
131,2,32,0,0,1223,134,126,1286
0,move,32,10,6,1223,142,126,366
0,move,32,1,11,1223,142,126,366
0,f,33,1,1,1223,142,126,366
0,f,34,11,6,1223,142,126,366
0,d,35,11,6,1223,142,126,366
0,d,34,1,1,1223,142,126,366
0,d,33,1,11,1223,142,126,366
0,d,32,11,5,1223,142,126,366
0,f,31,11,6,1223,142,126,366
0,f,32,1,11,1223,142,126,366
0,f,33,1,1,1223,142,126,366
0,move,34,10,8,1223,142,126,366
0,move,34,10,9,1223,142,126,366
0,move,34,11,10,1075,142,126,411
0,move,34,11,11,1075,142,126,411
0,move,34,10,11,1075,146,126,411
0,d,34,1,1,1275,146,126,411
0,d,33,1,11,1275,146,126,411
0,d,32,11,5,1275,146,126,411
0,move,31,6,10,1275,146,126,411
0,move,31,5,11,1221,146,126,446
0,move,31,4,10,1221,146,126,446
0,move,31,3,10,1221,146,126,446
0,move,31,1,10,1167,146,126,481
0,move,31,2,8,1367,146,126,481
0,move,31,3,8,1219,146,126,526
0,move,31,4,8,1219,146,126,526
0,move,31,6,6,1219,150,126,526
0,move,31,6,2,1219,150,126,526
0,move,31,6,1,1165,150,126,561
0,move,31,7,1,1165,150,126,561
0,move,31,9,2,1165,150,126,561
0,move,31,10,3,1111,150,126,596
0,move,31,10,4,1111,150,126,596
0,move,31,9,4,799,150,126,661
0,move,31,8,4,799,150,126,661
0,move,31,11,2,799,150,130,661
0,f,31,11,6,999,150,130,661
0,f,32,1,11,999,150,130,661
0,f,33,1,1,999,150,130,661
0,move,34,1,3,999,150,130,661
0,move,34,2,4,1199,150,130,661
0,move,34,2,5,1199,150,130,661
0,move,34,1,6,1179,150,130,691
0,move,34,2,7,1179,150,130,691
0,move,34,2,8,879,150,130,756
0,move,34,1,9,879,150,130,756
0,move,34,1,10,879,150,130,756
0,move,34,2,10,879,150,130,756
0,move,34,1,11,879,150,130,756
0,move,34,2,11,879,150,134,756
0,move,34,11,6,1079,150,134,756
0,move,35,10,3,1079,150,134,756
0,move,35,11,3,1079,150,134,756
0,move,35,11,2,1079,150,134,756
0,move,35,11,1,1079,150,134,756
0,move,35,10,1,1079,150,134,756
0,move,35,9,1,1079,150,134,756
0,move,35,9,1,1079,150,134,756
0,up,35,8,1,1079,150,134,756
0,up,35,7,1,1079,150,134,756
0,up,35,6,1,1079,150,134,756
0,up,35,5,1,1079,150,134,756
0,up,35,4,1,1079,150,134,756
0,up,35,3,1,1079,150,134,756
0,up,35,2,1,1079,150,134,756
0,up,35,1,1,1079,150,134,756
0,up,35,0,1,1079,150,134,756
0,up,35,0,1,1079,150,134,756
0,right,35,1,2,1079,150,134,756
0,right,35,1,3,1079,150,134,756
0,right,35,1,4,1079,150,134,756
0,right,35,1,5,1079,150,134,756
0,right,35,1,6,1079,150,134,756
0,right,35,1,7,1079,150,134,756
0,right,35,1,8,1079,150,134,756
0,right,35,1,9,1079,150,134,756
0,right,35,1,10,1079,150,134,756
0,right,35,1,11,1079,150,134,756
0,right,36,2,12,1079,150,134,756
0,right,36,2,12,1079,150,134,756
0,down,36,3,11,1079,150,134,756
0,down,36,3,11,1067,150,134,786
0,down,36,4,11,1067,150,134,786
0,down,36,5,11,1067,150,134,786
0,down,36,5,11,1067,150,134,841
0,down,36,6,11,1067,150,134,841
0,down,36,7,11,1067,150,134,841
0,down,36,7,11,779,150,134,906
0,down,36,8,11,779,150,134,906
0,down,36,9,11,779,150,134,906
0,down,36,10,11,779,150,134,906
0,down,36,11,11,779,150,134,906
0,up,37,9,11,779,150,134,906
0,up,37,9,11,491,150,134,971
0,up,37,8,11,491,150,134,971
0,up,37,7,11,491,150,134,971
0,up,37,6,11,491,150,134,971
0,up,37,6,11,491,150,134,1026
0,up,37,5,11,491,150,134,1026
0,move,37,3,11,491,150,134,1026
0,move,37,1,9,203,150,134,1091
0,move,37,1,3,71,150,134,1136
0,move,37,1,1,71,150,134,1136
0,d,38,1,1,71,150,134,1136
0,d,37,11,11,71,150,134,1136
0,d,36,1,11,71,150,134,1136
0,d,35,11,6,71,150,134,1136
0,d,34,1,1,71,150,134,1136
0,d,33,1,11,71,150,134,1136
0,d,32,11,5,71,150,134,1136
0,d,31,1,6,71,150,134,1136
0,d,30,11,6,71,150,134,1136
0,d,29,11,1,71,150,134,1136
0,d,28,11,11,71,150,134,1136
0,d,27,10,2,71,150,134,1136
0,d,26,11,1,71,150,134,1136
0,d,25,10,2,71,150,134,1136
0,d,24,11,1,71,150,134,1136
0,d,23,1,1,71,150,134,1136
0,d,22,11,6,71,150,134,1136
0,d,21,1,6,71,150,134,1136
0,d,20,11,6,71,150,134,1136
0,d,19,1,1,71,150,134,1136
0,d,18,1,6,71,150,134,1136
0,d,17,11,6,71,150,134,1136
0,d,16,1,6,71,150,134,1136
0,d,15,11,6,71,150,134,1136
0,d,14,11,11,71,150,134,1136
0,d,13,11,1,71,150,134,1136
0,move,12,1,1,71,150,134,1136
122,1,12,0,0,71,150,134,1136
0,f,12,11,1,71,150,134,336
0,f,13,11,11,71,150,134,336
0,f,14,11,6,71,150,134,336
0,f,15,1,6,71,150,134,336
0,f,16,11,6,71,150,134,336
0,f,17,1,6,71,150,134,336
0,f,18,1,1,71,150,134,336
0,f,19,11,6,71,150,134,336
0,f,20,1,6,71,150,134,336
0,f,21,11,6,71,150,134,336
0,f,22,6,6,71,150,134,336
0,f,23,1,11,71,150,134,336
0,f,24,10,2,71,150,134,336
0,f,25,11,1,71,150,134,336
0,f,26,10,2,71,150,134,336
0,f,27,11,11,71,150,134,336
0,f,28,11,1,71,150,134,336
0,f,29,11,6,71,150,134,336
0,f,30,1,6,71,150,134,336
0,f,31,11,6,71,150,134,336
0,f,32,1,11,71,150,134,336
0,f,33,1,1,71,150,134,336
0,f,34,11,6,71,150,134,336
0,f,35,1,11,71,150,134,336
0,f,36,11,11,71,150,134,336
0,f,37,1,1,71,150,134,336
0,move,38,1,3,71,150,134,336
0,move,38,1,4,71,150,134,336
0,move,38,2,6,59,150,134,366
0,move,38,1,8,59,150,134,366
0,move,38,1,9,47,150,134,396
0,move,38,3,11,47,150,134,396
0,move,38,6,11,47,150,134,396
0,move,38,8,11,1,150,134,431
0,move,38,9,11,1,150,134,431
0,move,38,9,11,1,150,134,431
0,move,38,8,11,1,150,134,431
0,d,38,1,1,1,150,134,431
0,move,37,1,11,1,150,134,431
0,f,37,1,1,801,150,134,431
0,move,38,9,11,801,150,134,431
0,move,38,9,9,755,150,134,466
0,move,38,11,9,755,150,134,466
0,move,38,11,8,623,150,134,511
0,move,38,11,7,623,150,134,511
0,move,38,11,5,623,150,134,529
0,move,38,11,4,623,150,134,584
0,move,38,10,3,623,150,134,584
0,move,38,10,1,531,150,134,634
0,move,38,7,2,439,150,134,684
0,f,38,1,11,439,150,174,684
0,move,39,4,10,439,150,174,684
0,move,39,6,9,439,150,174,684
0,move,39,7,11,439,150,174,714
0,move,39,6,11,433,150,174,749
0,move,39,8,10,433,154,174,749
0,d,39,1,11,433,154,174,749
0,move,38,3,7,433,154,174,749
0,move,38,3,7,433,154,174,749
0,move,38,2,5,433,154,174,749
122,1,38,0,0,433,154,174,749
0,move,38,3,7,433,154,174,549
0,move,38,6,7,433,154,174,549
0,move,38,7,7,427,154,174,584
0,move,38,8,6,427,154,174,639
0,move,38,8,5,627,154,174,639
0,d,38,1,1,627,154,178,639
0,f,37,1,1,627,154,178,639
0,f,38,1,11,627,154,178,639
0,move,39,9,10,627,154,178,639
0,move,39,10,8,471,154,178,704
0,move,39,11,6,471,154,178,704
0,move,39,9,5,471,154,178,734
0,move,39,9,6,471,154,178,789
0,move,39,10,5,471,154,182,789
0,move,39,10,4,471,154,182,789
0,move,39,11,3,471,154,182,789
0,f,39,11,11,471,154,182,789
0,d,40,11,11,471,154,182,789
0,d,39,1,11,471,154,182,789
0,d,38,1,1,471,154,182,789
0,d,37,11,11,471,154,182,789
0,d,36,1,11,471,154,182,789
0,d,35,11,6,471,154,182,789
0,d,34,1,1,471,154,182,789
0,d,33,1,11,471,154,182,789
0,move,32,10,3,471,154,182,789
0,move,32,10,1,471,154,182,839
0,move,32,8,4,471,154,182,889
0,move,32,7,4,471,154,182,889
0,move,32,7,3,471,154,182,889
0,move,32,7,2,471,154,182,889
0,move,32,7,1,471,154,182,889
0,move,32,11,4,471,154,182,889
0,f,32,1,11,471,154,182,889
0,f,33,1,1,471,154,182,889
0,f,34,11,6,471,154,182,889
0,f,35,1,11,471,154,182,889
0,f,36,11,11,471,154,182,889
0,f,37,1,1,471,154,182,889
0,f,38,1,11,471,154,182,889
0,f,39,11,11,471,154,182,889
0,move,40,11,8,471,154,182,889
0,move,40,11,4,471,154,182,889
0,move,40,11,3,471,154,182,889
0,move,40,11,1,327,154,182,954
0,move,40,9,2,327,158,182,954
0,move,40,9,1,327,158,182,954
0,move,40,11,5,327,158,186,954
0,move,40,11,5,327,158,186,954
0,move,40,10,6,327,158,186,954
0,move,40,11,7,327,158,186,954
0,d,40,11,11,327,158,186,954
0,d,39,1,11,327,158,186,954
0,d,38,1,1,327,158,186,954
0,d,37,11,11,327,158,186,954
0,f,36,11,11,327,158,186,954
0,f,37,1,1,327,158,186,954
0,d,38,1,1,327,158,186,954
0,d,37,11,11,327,158,186,954
0,d,36,1,11,327,158,186,954
0,d,35,11,6,327,158,186,954
0,d,34,1,1,327,158,186,954
0,d,33,1,11,327,158,186,954
0,d,32,11,5,327,158,186,954
0,move,31,7,11,327,158,186,954
0,move,31,10,11,327,158,186,954
0,move,31,11,9,327,158,186,984
0,move,31,11,8,327,158,186,984
0,move,31,10,8,327,158,186,984
0,move,31,10,9,327,158,186,984
0,f,31,11,6,327,158,186,984
0,f,32,1,11,327,158,186,984
0,f,33,1,1,327,158,186,984
0,f,34,11,6,327,158,186,984
0,f,35,1,11,327,158,186,984
0,f,36,11,11,327,158,186,984
0,f,37,1,1,327,158,186,984
0,d,38,1,1,327,158,186,984
0,d,37,11,11,327,158,186,984
0,d,36,1,11,327,158,186,984
0,d,35,11,6,327,158,186,984
0,move,34,7,5,327,158,186,984
0,move,34,8,5,327,158,186,984
0,move,34,5,5,327,158,186,1019
0,move,34,4,5,327,158,186,1019
0,move,34,5,7,327,158,186,1020
0,move,34,4,7,327,158,186,1020
0,move,34,7,7,327,158,186,1075
0,move,34,8,7,327,158,186,1075
0,move,34,7,9,327,158,186,1077
0,move,34,8,9,327,158,186,1077
0,move,34,5,9,195,158,186,1142
0,move,34,4,9,195,158,186,1142
0,move,34,5,11,195,158,186,1150
0,move,34,7,11,195,158,186,1150
0,move,34,7,11,195,158,186,1150
0,move,34,8,11,195,158,186,1150
0,move,34,4,11,195,158,186,1153
0,move,34,7,3,167,158,186,1198
0,move,34,7,2,167,158,186,1198
0,move,34,7,1,167,158,186,1198
0,move,34,6,2,167,158,186,1198
0,move,34,5,3,167,158,186,1198
0,move,34,5,1,167,158,186,1198
0,f,34,11,6,167,158,186,1198
0,f,35,1,11,167,158,186,1198
0,f,36,11,11,167,158,186,1198
0,f,37,1,1,167,158,186,1198
0,f,38,1,11,167,158,186,1198
0,f,39,11,11,167,158,186,1198
0,d,40,11,11,167,158,186,1198
0,d,39,1,11,167,158,186,1198
0,d,38,1,1,167,158,186,1198
0,f,37,1,1,167,158,186,1198
0,f,38,1,11,167,158,186,1198
0,f,39,11,11,167,158,186,1198
0,move,40,10,1,167,158,186,1198
0,d,40,11,11,967,158,186,1198
0,move,39,11,9,967,158,186,1198
0,d,39,1,11,1167,158,186,1198
0,move,38,11,11,1167,158,186,1198
0,d,38,1,1,1967,158,186,1198
0,d,37,11,11,1967,158,186,1198
0,d,36,1,11,1967,158,186,1198
0,d,35,11,6,1967,158,186,1198
0,d,34,1,1,1967,158,186,1198
0,d,33,1,11,1967,158,186,1198
0,d,32,11,5,1967,158,186,1198
0,move,31,8,9,1967,158,186,1198
0,move,31,8,8,1967,158,186,1198
0,f,31,11,6,2767,158,186,1198
0,f,32,1,11,2767,158,186,1198
0,f,33,1,1,2767,158,186,1198
0,f,34,11,6,2767,158,186,1198
0,f,35,1,11,2767,158,186,1198
0,f,36,11,11,2767,158,186,1198
0,f,37,1,1,2767,158,186,1198
0,f,38,1,11,2767,158,186,1198
0,f,39,11,11,2767,158,186,1198
0,move,40,11,6,2767,158,186,1198
0,move,40,8,6,2767,158,186,1198
0,move,40,7,6,2767,158,186,1198
0,move,40,6,7,2767,158,186,1198
0,move,40,2,4,2767,158,186,1198
0,move,40,2,3,2273,158,186,1253
0,move,40,2,2,1779,158,186,1308
0,move,40,2,8,1285,158,186,1363
0,move,40,2,9,1109,158,186,1428
0,move,40,2,10,933,158,186,1493
0,move,40,4,9,757,158,186,1558
0,move,40,4,8,715,158,186,1603
0,move,40,4,7,673,158,186,1648
0,move,40,4,5,631,158,186,1693
0,move,40,4,4,631,158,186,1728
0,move,40,4,3,631,158,186,1763
0,move,40,1,6,631,158,186,1798
0,move,40,5,6,631,158,186,1898
0,move,40,4,7,631,158,186,1898
0,move,40,4,8,631,158,190,1898
0,move,40,4,9,631,158,194,1898
0,move,40,2,10,631,158,198,1898
0,move,40,2,9,631,162,198,1898
0,move,40,2,8,631,166,198,1898
0,move,40,2,4,631,170,198,1898
0,move,40,2,3,631,170,198,1898
0,move,40,2,2,631,170,198,1898
0,move,40,3,6,631,170,198,1898
0,move,40,1,6,631,170,198,1898
0,move,41,4,6,631,170,198,1898
0,move,41,5,6,316,170,198,1898
0,move,41,6,6,316,170,198,1898
0,move,41,7,6,316,170,198,1898
0,move,41,8,6,316,170,198,1898
0,move,41,9,6,316,170,198,1898
0,move,41,10,6,316,170,198,1898
0,move,41,11,6,316,170,198,1898
0,d,42,11,6,316,170,198,1898
0,d,41,1,6,316,170,198,1898
0,d,40,11,11,316,170,198,1898
0,d,39,1,11,316,170,198,1898
0,d,38,1,1,316,170,198,1898
0,d,37,11,11,316,170,198,1898
0,d,36,1,11,316,170,198,1898
0,d,35,11,6,316,170,198,1898
0,d,34,1,1,316,170,198,1898
0,d,33,1,11,316,170,198,1898
0,move,32,3,7,316,170,198,1898
0,move,32,4,8,316,170,198,1898
0,move,32,7,8,316,170,198,1933
0,move,32,8,9,252,170,198,1998
0,move,32,7,10,252,170,198,1998
0,move,32,8,11,252,170,198,1998
0,move,32,7,11,252,170,198,1998
0,f,32,1,11,252,170,198,1998
0,f,33,1,1,252,170,198,1998
0,f,34,11,6,252,170,198,1998
0,f,35,1,11,252,170,198,1998
0,f,36,11,11,252,170,198,1998
0,f,37,1,1,252,170,198,1998
0,f,38,1,11,252,170,198,1998
0,f,39,11,11,252,170,198,1998
0,f,40,1,6,252,170,198,1998
0,f,41,11,6,252,170,198,1998
0,d,42,11,6,252,170,198,1998
0,d,41,1,6,252,170,198,1998
0,f,40,1,6,252,170,198,1998
0,d,41,1,6,252,170,198,1998
0,d,40,11,11,252,170,198,1998
0,move,39,9,3,252,170,198,1998
0,move,39,8,2,252,170,198,2033
0,move,39,2,4,252,170,198,2033
0,move,39,4,6,252,170,198,2033
0,move,39,4,4,252,170,198,2033
0,f,39,11,11,252,170,198,2033
0,f,40,1,6,252,170,198,2033
0,f,41,11,6,252,170,198,2033
0,move,42,11,6,252,170,198,2033
0,move,41,11,6,252,170,198,2033
0,move,42,5,8,252,170,198,2033
0,move,42,5,9,252,170,198,2033
0,move,42,6,10,152,170,198,2033
0,move,42,8,10,52,170,198,2033
0,move,42,9,10,26,170,198,2033
0,move,42,10,10,26,170,198,2033
0,move,42,10,9,26,170,198,2033
0,move,42,10,11,26,170,198,2033
0,move,42,11,11,26,170,198,2033
0,move,42,11,10,26,170,198,2033
0,move,42,11,9,26,170,198,2033
0,move,42,11,10,26,170,198,2033
0,q,42,0,0,26,170,198,2033
0,move,42,1,1,26,170,198,2033
0,move,43,4,1,26,170,198,2033
0,move,43,8,1,26,170,198,2033
0,move,43,11,1,26,170,198,2033
0,f,45,1,11,26,170,198,2033
0,d,46,1,11,26,170,198,2033
0,d,45,1,1,26,170,198,2033
0,d,43,1,1,26,170,198,2033
0,d,42,11,6,26,170,198,2033
0,d,41,1,6,26,170,198,2033
0,move,40,4,5,26,170,198,2033
0,f,40,1,6,826,170,198,2033
0,f,41,11,6,826,170,198,2033
0,f,42,1,1,826,170,198,2033
0,f,43,11,1,826,170,198,2033
0,f,45,1,11,826,170,198,2033
0,d,46,1,11,826,170,198,2033
0,d,45,1,1,826,170,198,2033
0,d,43,1,1,826,170,198,2033
0,d,42,11,6,826,170,198,2033
0,d,41,1,6,826,170,198,2033
0,d,40,11,11,826,170,198,2033
0,d,39,1,11,826,170,198,2033
0,d,38,1,1,826,170,198,2033
0,d,37,11,11,826,170,198,2033
0,d,36,1,11,826,170,198,2033
0,d,35,11,6,826,170,198,2033
0,d,34,1,1,826,170,198,2033
0,d,33,1,11,826,170,198,2033
0,d,32,11,5,826,170,198,2033
0,d,31,1,6,826,170,198,2033
0,d,30,11,6,826,170,198,2033
0,d,29,11,1,826,170,198,2033
0,d,28,11,11,826,170,198,2033
0,d,27,10,2,826,170,198,2033
0,d,26,11,1,826,170,198,2033
0,d,25,10,2,826,170,198,2033
0,d,24,11,1,826,170,198,2033
0,d,23,1,1,826,170,198,2033
0,d,22,11,6,826,170,198,2033
0,d,21,1,6,826,170,198,2033
0,d,20,11,6,826,170,198,2033
0,d,19,1,1,826,170,198,2033
0,d,18,1,6,826,170,198,2033
0,d,17,11,6,826,170,198,2033
0,d,16,1,6,826,170,198,2033
0,d,15,11,6,826,170,198,2033
0,d,14,11,11,826,170,198,2033
0,d,13,11,1,826,170,198,2033
0,d,12,11,11,826,170,198,2033
0,f,11,11,11,826,170,198,2033
0,f,12,11,1,826,170,198,2033
0,f,13,11,11,826,170,198,2033
0,d,14,11,11,826,170,198,2033
0,d,13,11,1,826,170,198,2033
0,d,12,11,11,826,170,198,2033
0,d,11,11,6,826,170,198,2033
0,f,10,11,6,826,170,198,2033
0,f,11,11,11,826,170,198,2033
0,f,12,11,1,826,170,198,2033
0,f,13,11,11,826,170,198,2033
0,f,14,11,6,826,170,198,2033
0,move,15,7,6,826,170,198,2033
0,move,15,4,6,826,170,198,2133
0,move,15,1,6,826,170,198,2133
0,f,16,11,6,826,170,198,2133
0,f,17,1,6,826,170,198,2133
0,f,18,1,1,826,170,198,2133
0,f,19,11,6,826,170,198,2133
0,f,20,1,6,826,170,198,2133
0,f,21,11,6,826,170,198,2133
0,f,22,6,6,826,170,198,2133
0,f,23,1,11,826,170,198,2133
0,f,24,10,2,826,170,198,2133
0,f,25,11,1,826,170,198,2133
0,f,26,10,2,826,170,198,2133
0,f,27,11,11,826,170,198,2133
0,f,28,11,1,826,170,198,2133
0,f,29,11,6,826,170,198,2133
0,f,30,1,6,826,170,198,2133
0,f,31,11,6,826,170,198,2133
0,f,32,1,11,826,170,198,2133
0,f,33,1,1,826,170,198,2133
0,f,34,11,6,826,170,198,2133
0,f,35,1,11,826,170,198,2133
0,f,36,11,11,826,170,198,2133
0,f,37,1,1,826,170,198,2133
0,f,38,1,11,826,170,198,2133
0,f,39,11,11,826,170,198,2133
0,f,40,1,6,826,170,198,2133
0,f,41,11,6,826,170,198,2133
0,f,42,1,1,826,170,198,2133
0,f,43,11,1,826,170,198,2133
0,f,45,1,11,826,170,198,2133
0,move,46,3,11,826,170,198,2133
0,move,46,5,11,826,170,198,2133
0,move,46,8,11,826,170,198,2133
0,move,46,9,11,826,170,198,2133
0,move,46,11,11,726,170,198,2133
0,move,47,11,10,726,170,198,2133
0,move,47,10,10,726,170,198,2133
0,move,47,11,10,726,170,198,2133
0,d,47,11,11,726,170,198,2133
0,d,46,1,11,726,170,198,2133
0,d,45,1,1,726,170,198,2133
0,d,43,1,1,726,170,198,2133
0,d,42,11,6,726,170,198,2133
0,d,41,1,6,726,170,198,2133
0,d,40,11,11,726,170,198,2133
0,d,39,1,11,726,170,198,2133
0,d,38,1,1,726,170,198,2133
0,d,37,11,11,726,170,198,2133
0,d,36,1,11,726,170,198,2133
0,d,35,11,6,726,170,198,2133
0,d,34,1,1,726,170,198,2133
0,d,33,1,11,726,170,198,2133
0,d,32,11,5,726,170,198,2133
0,f,31,11,6,726,170,198,2133
0,d,32,11,5,726,170,198,2133
0,d,31,1,6,726,170,198,2133
0,f,30,1,6,726,170,198,2133
0,move,31,5,1,726,170,198,2133
0,move,31,4,3,726,170,198,2133
0,move,31,3,2,726,170,198,2133
0,move,31,2,2,724,170,198,2178
0,move,31,2,3,724,170,198,2178
0,move,31,2,4,724,170,198,2178
0,move,31,1,4,724,170,198,2178
0,move,31,1,3,724,170,198,2178
0,move,31,4,3,724,170,198,2178
0,move,31,4,4,724,170,198,2178
0,f,31,11,6,724,170,198,2178
0,f,32,1,11,724,170,198,2178
0,f,33,1,1,724,170,198,2178
0,f,34,11,6,724,170,198,2178
0,f,35,1,11,724,170,198,2178
0,f,36,11,11,724,170,198,2178
0,f,37,1,1,724,170,198,2178
0,f,38,1,11,724,170,198,2178
0,f,39,11,11,724,170,198,2178
0,f,40,1,6,724,170,198,2178
0,f,41,11,6,724,170,198,2178
0,f,42,1,1,724,170,198,2178
0,f,43,11,1,724,170,198,2178
0,f,45,1,11,724,170,198,2178
0,f,46,11,11,724,170,198,2178
0,move,47,11,10,724,170,198,2178
0,d,47,11,11,724,170,198,2178
0,d,46,1,11,724,170,198,2178
0,f,45,1,11,724,170,198,2178
0,f,46,11,11,724,170,198,2178
0,move,47,11,10,724,170,198,2178
0,q,47,0,0,724,170,198,2178
0,move,47,1,1,724,170,198,2178
0,w,48,0,0,724,170,198,2178
0,move,48,10,8,724,170,198,2178
0,move,48,10,11,724,220,198,2178
0,d,48,11,11,724,220,198,2178
0,d,47,11,11,724,220,198,2178
0,d,46,1,11,724,220,198,2178
0,d,45,1,1,724,220,198,2178
0,d,43,1,1,724,220,198,2178
0,d,42,11,6,724,220,198,2178
0,d,41,1,6,724,220,198,2178
0,d,40,11,11,724,220,198,2178
0,d,39,1,11,724,220,198,2178
0,d,38,1,1,724,220,198,2178
0,d,37,11,11,724,220,198,2178
0,d,36,1,11,724,220,198,2178
0,d,35,11,6,724,220,198,2178
0,f,34,11,6,724,220,198,2178
0,d,35,11,6,724,220,198,2178
0,d,34,1,1,724,220,198,2178
0,d,33,1,11,724,220,198,2178
0,d,32,11,5,724,220,198,2178
0,d,31,1,6,724,220,198,2178
0,d,30,11,6,724,220,198,2178
0,d,29,11,1,724,220,198,2178
0,d,28,11,11,724,220,198,2178
0,f,27,11,11,724,220,198,2178
0,f,28,11,1,724,220,198,2178
0,f,29,11,6,724,220,198,2178
0,f,30,1,6,724,220,198,2178
0,move,31,2,1,724,220,198,2178
0,move,31,3,11,724,220,198,2233
0,move,31,9,11,724,220,198,2268
0,move,31,9,10,724,220,198,2268
0,move,31,9,1,724,220,198,2298
0,f,31,11,6,724,220,198,2333
0,f,32,1,11,724,220,198,2333
0,d,33,1,11,724,220,198,2333
0,move,32,3,5,724,220,198,2333
0,move,32,5,4,724,220,198,2333
0,move,32,4,3,724,220,198,2363
0,move,32,5,2,724,220,198,2393
0,move,32,4,2,724,220,198,2393
0,d,32,11,5,724,220,198,2393
0,d,31,1,6,724,220,198,2393
0,d,30,11,6,724,220,198,2393
0,d,29,11,1,724,220,198,2393
0,d,28,11,11,724,220,198,2393
0,d,27,10,2,724,220,198,2393
0,d,26,11,1,724,220,198,2393
0,d,25,10,2,724,220,198,2393
0,d,24,11,1,724,220,198,2393
0,d,23,1,1,724,220,198,2393
0,d,22,11,6,724,220,198,2393
0,d,21,1,6,724,220,198,2393
0,d,20,11,6,724,220,198,2393
0,d,19,1,1,724,220,198,2393
0,d,18,1,6,724,220,198,2393
0,d,17,11,6,724,220,198,2393
0,d,16,1,6,724,220,198,2393
0,d,15,11,6,724,220,198,2393
0,d,14,11,11,724,220,198,2393
0,d,13,11,1,724,220,198,2393
0,d,12,11,11,724,220,198,2393
0,d,11,11,6,724,220,198,2393
0,d,10,11,1,724,220,198,2393
0,d,9,1,6,724,220,198,2393
0,d,8,1,1,724,220,198,2393
0,d,7,11,11,724,220,198,2393
0,f,6,11,11,724,220,198,2393
0,f,7,1,1,724,220,198,2393
0,f,8,1,6,724,220,198,2393
0,f,9,11,1,724,220,198,2393
0,f,10,11,6,724,220,198,2393
0,f,11,11,11,724,220,198,2393
0,f,12,11,1,724,220,198,2393
0,d,13,11,1,724,220,198,2393
0,d,12,11,11,724,220,198,2393
0,f,11,11,11,724,220,198,2393
0,f,12,11,1,724,220,198,2393
0,f,13,11,11,724,220,198,2393
0,f,14,11,6,724,220,198,2393
0,f,15,1,6,724,220,198,2393
0,f,16,11,6,724,220,198,2393
0,f,17,1,6,724,220,198,2393
0,f,18,1,1,724,220,198,2393
0,d,19,1,1,724,220,198,2393
0,move,18,8,8,724,220,198,2393
0,move,18,9,8,724,220,198,2393
0,move,18,10,8,724,220,198,2401
0,move,18,10,7,724,220,198,2409
0,move,18,9,7,724,220,198,2417
0,move,18,11,7,724,220,198,2425
0,move,18,4,4,724,220,198,2425
0,move,18,5,3,724,220,198,2425
0,move,18,5,1,724,220,198,2453
0,move,18,4,2,724,220,198,2481
0,f,18,1,1,824,220,198,2481
0,move,19,3,4,824,220,198,2481
0,move,19,1,6,824,220,198,2511
0,move,19,1,4,824,220,198,2533
0,f,19,11,6,924,220,198,2533
0,f,20,1,6,924,220,198,2533
0,f,21,11,6,924,220,198,2533
0,f,22,6,6,924,220,198,2533
0,f,23,1,11,924,220,198,2533
0,f,24,10,2,924,220,198,2533
0,f,25,11,1,924,220,198,2533
0,f,26,10,2,924,220,198,2533
0,f,27,11,11,924,220,198,2533
0,f,28,11,1,924,220,198,2533
0,f,29,11,6,924,220,198,2533
0,f,30,1,6,924,220,198,2533
0,f,31,11,6,924,220,198,2533
0,f,32,1,11,924,220,198,2533
0,d,33,1,11,924,220,198,2533
0,d,32,11,5,924,220,198,2533
0,f,31,11,6,924,220,198,2533
0,move,32,4,1,924,220,198,2533
0,f,32,1,11,922,220,198,2578
0,f,33,1,1,922,220,198,2578
0,move,34,10,1,922,220,198,2578
0,move,34,11,1,922,220,198,2633
0,move,34,11,2,1722,220,198,2633
0,f,34,11,6,1720,220,198,2678
0,f,35,1,11,1720,220,198,2678
0,move,36,11,9,1720,220,198,2678
0,move,36,11,7,1720,220,198,2733
0,move,36,11,5,1720,220,198,2763
0,move,36,11,3,1720,220,198,2763
0,move,36,11,1,1718,220,198,2808
0,move,36,9,1,2518,220,198,2808
0,move,36,5,1,2518,220,198,2863
0,move,36,3,1,2486,220,198,2928
0,move,36,1,1,2486,220,198,2958
0,move,36,1,3,2486,220,198,2958
0,move,36,1,7,2484,220,198,3003
0,move,36,1,9,2484,220,198,3033
0,f,36,11,11,2452,220,198,3098
0,move,37,11,9,2452,220,198,3098
0,move,37,11,3,2452,220,198,3133
0,move,37,11,1,2452,220,198,3163
0,move,37,9,1,2452,220,198,3163
0,move,37,6,1,2450,220,198,3208
0,f,37,1,1,2650,220,198,3208
0,move,38,3,1,2650,220,198,3208
0,move,38,4,3,2650,220,198,3243
0,move,38,4,4,2648,220,198,3288
0,move,38,10,10,2646,220,198,3333
0,f,38,1,11,2614,220,198,3398
0,move,39,5,11,2614,220,198,3398
0,move,39,9,7,2612,220,198,3443
0,move,39,10,2,2580,220,198,3508
0,f,39,11,11,2580,220,198,3543
0,move,40,10,9,2580,220,198,3543
0,move,40,9,10,2578,220,198,3588
0,move,40,9,7,2578,220,198,3643
0,move,40,9,5,2578,220,198,3673
0,f,40,1,6,2578,220,198,3703
0,f,41,11,6,2578,220,198,3703
0,f,42,1,1,2578,220,198,3703
0,d,43,1,1,2578,220,198,3703
0,d,42,11,6,2578,220,198,3703
0,d,41,1,6,2578,220,198,3703
0,d,40,11,11,2578,220,198,3703
0,d,39,1,11,2578,220,198,3703
0,d,38,1,1,2578,220,198,3703
0,f,37,1,1,2578,220,198,3703
0,move,38,7,10,2578,220,198,3703
0,move,38,6,9,2546,220,198,3768
0,move,38,5,9,2546,220,198,3768
0,move,38,4,9,2546,220,198,3768
0,f,38,1,11,2546,220,198,3768
0,d,39,1,11,2546,220,198,3768
0,d,38,1,1,2546,220,198,3768
0,d,37,11,11,2546,220,198,3768
0,d,36,1,11,2546,220,198,3768
0,f,35,1,11,2546,220,198,3768
0,f,36,11,11,2546,220,198,3768
0,f,37,1,1,2546,220,198,3768
0,f,38,1,11,2546,220,198,3768
0,f,39,11,11,2546,220,198,3768
0,f,40,1,6,2546,220,198,3768
0,f,41,11,6,2546,220,198,3768
0,f,42,1,1,2546,220,198,3768
0,move,43,5,2,2546,220,198,3768
0,move,43,9,2,2434,220,198,3808
0,f,43,11,1,2242,220,198,3858
0,f,45,1,11,2242,220,198,3858
0,move,46,4,9,2242,220,198,3858
0,move,46,6,10,2050,220,198,3908
0,f,46,11,11,1938,220,198,3948
0,move,47,9,8,1938,220,198,3948
0,move,47,7,11,1826,220,198,3988
0,move,47,6,11,1826,220,198,3988
0,d,47,11,11,1634,220,198,4038
0,d,46,1,11,1634,220,198,4038
0,d,45,1,1,1634,220,198,4038
0,d,43,1,1,1634,220,198,4038
0,d,42,11,6,1634,220,198,4038
0,d,41,1,6,1634,220,198,4038
0,d,40,11,11,1634,220,198,4038
0,f,39,11,11,1634,220,198,4038
0,f,40,1,6,1634,220,198,4038
0,f,41,11,6,1634,220,198,4038
0,f,42,1,1,1634,220,198,4038
0,f,43,11,1,1634,220,198,4038
0,f,45,1,11,1634,220,198,4038
0,f,46,11,11,1634,220,198,4038
0,f,47,1,1,1634,220,198,4038
0,d,48,11,11,1634,220,198,4038
0,move,47,1,3,1634,220,198,4038
0,move,47,2,5,1634,220,198,4038
122,1,47,0,0,1634,220,198,4038
0,d,47,11,11,1634,220,198,38
0,d,46,1,11,1634,220,198,38
0,d,45,1,1,1634,220,198,38
0,d,43,1,1,1634,220,198,38
0,d,42,11,6,1634,220,198,38
0,d,41,1,6,1634,220,198,38
0,d,40,11,11,1634,220,198,38
0,d,39,1,11,1634,220,198,38
0,d,38,1,1,1634,220,198,38
0,d,37,11,11,1634,220,198,38
0,f,36,11,11,1634,220,198,38
0,e,37,0,0,1634,220,198,38
0,move,37,5,3,1634,220,198,38
0,move,37,5,4,1634,220,198,38
0,move,37,5,5,1634,220,198,38
0,move,37,4,5,1634,220,198,38
0,move,37,5,7,1634,220,198,38
0,move,37,5,8,1634,220,198,38
0,move,37,5,9,1634,220,198,38
0,move,37,7,9,1634,220,198,38
0,move,37,7,8,1634,224,198,38
0,move,37,7,7,1634,228,198,38
0,move,37,8,7,1634,232,198,38
0,move,37,8,8,1634,232,202,38
0,move,37,8,9,1634,232,206,38
0,move,37,8,5,1634,232,210,38
0,move,37,8,3,1634,232,210,38
0,move,37,8,4,1634,232,210,38
0,move,37,9,4,1634,232,210,38
0,move,37,9,5,1634,232,210,38
0,move,37,7,3,1634,232,210,38
0,move,37,7,4,1634,232,214,38
0,move,37,9,8,1634,236,214,38
0,f,37,1,1,1634,236,214,38
0,f,38,1,11,1634,236,214,38
0,f,39,11,11,1634,236,214,38
0,f,40,1,6,1634,236,214,38
0,f,41,11,6,1634,236,214,38
0,f,42,1,1,1634,236,214,38
0,f,43,11,1,1634,236,214,38
0,f,45,1,11,1634,236,214,38
0,d,46,1,11,1634,236,214,38
0,q,45,0,0,1634,236,214,38
0,move,45,10,2,1634,236,214,38
0,move,45,8,2,1634,236,214,38
0,move,45,7,4,1634,236,214,38
0,move,45,6,6,1634,236,214,38
0,move,45,5,6,1634,236,214,38
0,move,45,3,6,1334,236,214,38
0,move,45,2,6,1034,236,214,38
0,move,45,1,6,1034,236,214,38
0,move,45,1,3,1034,236,214,38
0,move,45,1,1,1034,236,214,38
0,d,43,1,1,1034,236,214,38
0,f,42,1,1,1034,236,214,38
0,f,43,11,1,1034,236,214,38
0,d,45,1,1,1034,236,214,38
0,t,43,0,0,1034,236,214,38
0,move,44,9,5,1034,236,214,38
0,move,44,9,6,1034,236,214,38
0,r,44,0,0,1034,236,214,38
0,move,44,8,6,1034,236,214,438
0,move,44,7,6,1034,236,214,438
0,move,44,6,6,1284,236,214,438
0,move,44,5,6,1284,236,314,438
0,move,44,6,5,1534,236,314,438
0,move,44,6,7,1784,236,314,438
0,move,44,1,1,2034,236,314,438
0,d,45,1,1,2034,236,314,438
0,d,43,1,1,2034,236,314,438
0,d,42,11,6,2034,236,314,438
0,move,41,6,5,2034,236,314,438
0,move,41,5,3,2034,236,314,438
0,move,41,4,3,1978,236,314,518
0,move,41,1,4,1978,236,314,518
0,move,41,2,2,1978,236,314,518
0,move,41,6,7,1912,236,314,608
0,move,41,6,8,1912,236,314,608
0,move,41,6,9,1912,236,314,608
0,move,41,5,9,1912,236,314,608
0,move,41,4,9,1856,236,314,688
0,move,41,2,9,1856,236,314,688
0,move,41,1,8,1856,236,314,688
0,move,41,2,9,1856,236,314,688
0,right,41,2,10,1856,236,314,688
0,move,41,2,10,1856,236,314,688
0,move,41,4,9,1790,236,314,778
0,d,41,1,6,1790,236,314,778
0,f,40,1,6,1790,236,314,778
0,move,41,5,6,1790,236,314,778
0,d,41,1,6,1790,236,314,778
0,d,40,11,11,1790,236,314,778
0,d,39,1,11,1790,236,314,778
0,d,38,1,1,1790,236,314,778
0,d,37,11,11,1790,236,314,778
0,d,36,1,11,1790,236,314,778
0,d,35,11,6,1790,236,314,778
0,d,34,1,1,1790,236,314,778
0,d,33,1,11,1790,236,314,778
0,d,32,11,5,1790,236,314,778
0,d,31,1,6,1790,236,314,778
0,d,30,11,6,1790,236,314,778
0,d,29,11,1,1790,236,314,778
0,d,28,11,11,1790,236,314,778
0,d,27,10,2,1790,236,314,778
0,d,26,11,1,1790,236,314,778
0,d,25,10,2,1790,236,314,778
0,d,24,11,1,1790,236,314,778
0,d,23,1,1,1790,236,314,778
0,d,22,11,6,1790,236,314,778
0,d,21,1,6,1790,236,314,778
0,d,20,11,6,1790,236,314,778
0,d,19,1,1,1790,236,314,778
0,d,18,1,6,1790,236,314,778
0,d,17,11,6,1790,236,314,778
0,d,16,1,6,1790,236,314,778
0,d,15,11,6,1790,236,314,778
0,d,14,11,11,1790,236,314,778
0,d,13,11,1,1790,236,314,778
0,d,12,11,11,1790,236,314,778
0,d,11,11,6,1790,236,314,778
0,d,10,11,1,1790,236,314,778
0,d,9,1,6,1790,236,314,778
0,d,8,1,1,1790,236,314,778
0,d,7,11,11,1790,236,314,778
0,d,6,1,1,1790,236,314,778
0,d,5,11,1,1790,236,314,778
0,d,4,11,11,1790,236,314,778
0,d,3,11,1,1790,236,314,778
0,d,2,1,1,1790,236,314,778
0,u,1,0,0,1790,236,314,778
0,move,0,6,6,1790,236,314,778
0,f,0,1,1,1790,236,314,778
0,f,1,1,1,1790,236,314,778
0,f,2,11,1,1790,236,314,778
0,f,3,11,11,1790,236,314,778
0,f,4,11,1,1790,236,314,778
0,f,5,1,1,1790,236,314,778
0,f,6,11,11,1790,236,314,778
0,f,7,1,1,1790,236,314,778
0,f,8,1,6,1790,236,314,778
0,f,9,11,1,1790,236,314,778
0,f,10,11,6,1790,236,314,778
0,f,11,11,11,1790,236,314,778
0,d,12,11,11,1790,236,314,778
0,move,11,7,7,1790,236,314,778
0,move,11,7,8,1790,236,314,778
0,move,11,6,9,1790,236,314,794
0,move,11,5,8,1890,236,314,794
0,move,11,5,7,1890,236,314,838
0,move,11,5,5,1890,236,314,838
0,move,11,4,6,1890,236,314,874
0,move,11,10,9,1890,236,314,898
0,move,11,11,9,1890,236,314,898
0,move,11,11,8,1890,236,314,922
0,f,11,11,11,2290,236,314,922
0,f,12,11,1,2290,236,314,922
0,f,13,11,11,2290,236,314,922
0,f,14,11,6,2290,236,314,922
0,f,15,1,6,2290,236,314,922
0,f,16,11,6,2290,236,314,922
0,f,17,1,6,2290,236,314,922
0,f,18,1,1,2290,236,314,922
0,f,19,11,6,2290,236,314,922
0,d,20,11,6,2290,236,314,922
0,move,19,10,4,2290,236,314,922
0,move,19,11,3,2290,236,314,922
0,move,19,11,1,2290,236,314,946
0,f,19,11,6,2290,236,314,962
0,move,20,9,11,2290,236,314,962
0,move,20,8,10,2290,236,314,962
0,move,20,7,11,2290,236,314,968
0,move,20,6,10,2290,236,314,974
0,move,20,5,11,2290,236,314,974
0,move,20,4,11,2290,236,314,974
0,move,20,4,10,2690,236,314,974
0,f,20,1,6,2790,236,314,974
0,f,21,11,6,2790,236,314,974
0,f,22,6,6,2790,236,314,974
0,f,23,1,11,2790,236,314,974
0,f,24,10,2,2790,236,314,974
0,f,25,11,1,2790,236,314,974
0,f,26,10,2,2790,236,314,974
0,f,27,11,11,2790,236,314,974
0,f,28,11,1,2790,236,314,974
0,f,29,11,6,2790,236,314,974
0,f,30,1,6,2790,236,314,974
0,f,31,11,6,2790,236,314,974
0,d,32,11,5,2790,236,314,974
0,move,31,1,11,2790,236,314,974
0,f,31,11,6,2790,236,314,974
0,move,32,5,9,2790,236,314,974
0,move,32,4,10,2790,236,314,974
0,move,32,5,11,2790,236,314,974
0,move,32,4,11,2790,236,314,974
0,f,32,1,11,3590,236,314,974
0,move,33,4,5,3590,236,314,974
0,move,33,5,6,3590,236,314,974
0,move,33,6,4,3590,236,314,1034
0,move,33,7,6,3590,236,314,1144
0,move,33,7,3,3590,236,314,1214
0,move,33,7,2,3590,236,314,1214
0,move,33,5,1,3590,236,314,1274
0,move,33,4,2,3590,236,314,1334
0,move,33,8,1,3790,236,314,1334
0,move,33,10,1,3790,236,314,1334
0,move,33,11,1,3790,236,314,1444
0,move,33,11,2,3790,236,314,1444
0,move,33,9,3,3790,236,314,1534
0,f,33,1,1,3790,236,314,1594
0,f,34,11,6,3790,236,314,1594
0,f,35,1,11,3790,236,314,1594
0,f,36,11,11,3790,236,314,1594
0,d,37,11,11,3790,236,314,1594
0,move,36,6,10,3790,236,314,1594
0,move,36,6,7,3790,236,314,1594
0,move,36,7,6,3790,236,314,1654
0,move,36,6,5,3790,236,314,1784
0,move,36,5,6,3790,236,314,1844
0,f,36,11,11,3790,236,314,1914
0,move,37,9,7,3790,236,314,1914
0,move,37,7,5,4590,236,314,1914
0,move,37,4,9,5390,236,314,1914
0,move,37,4,8,5590,236,314,1914
0,move,37,4,7,5790,236,314,1914
0,move,37,4,4,5990,236,314,1914
0,move,37,4,3,6190,236,314,1914
0,move,37,3,4,6390,236,314,1914
0,move,37,3,5,6590,236,314,1914
0,move,37,3,7,6790,236,314,1914
0,move,37,3,8,6990,236,314,1914
0,f,37,1,1,7190,236,314,1914
0,f,38,1,11,7190,236,314,1914
0,move,39,3,11,7190,236,314,1914
0,f,39,11,11,7190,236,314,1914
0,move,40,9,9,7190,236,314,1914
0,move,40,4,4,7390,236,314,1914
0,move,40,4,3,8190,236,314,1914
0,f,40,1,6,8990,236,314,1914
0,f,41,11,6,8990,236,314,1914
0,move,42,5,4,8990,236,314,1914
0,move,42,5,3,8990,236,314,1914
0,move,42,3,3,8990,236,314,1994
0,move,42,2,3,8990,236,314,1994
0,f,42,1,1,8990,236,314,2074
0,move,43,11,1,8990,236,314,2074
0,f,45,1,11,8990,236,314,2074
0,move,46,1,9,8990,236,314,2074
0,move,46,2,6,8990,236,314,2074
0,move,46,1,6,8990,236,314,2074
131,3,46,0,0,8990,236,314,2074
0,move,46,2,6,8990,236,334,954
0,move,46,1,6,8990,236,334,954
131,move,46,0,0,8990,236,334,954
0,f,46,11,11,8990,236,334,954
0,f,47,1,1,8990,236,334,954
0,d,48,11,11,8990,236,334,954
0,f,47,1,1,8990,236,334,954
0,d,48,11,11,8990,236,334,954
0,d,47,11,11,8990,236,334,954
0,d,46,1,11,8990,236,334,954
0,d,45,1,1,8990,236,334,954
0,move,43,6,3,8990,236,334,954
0,move,43,7,5,8990,236,334,954
0,move,43,6,6,8990,236,334,1034
0,move,43,6,8,9990,236,334,1034
0,move,43,5,11,9990,236,334,1034
0,move,43,5,11,9990,236,334,1034
0,move,43,5,11,9990,236,334,1034
0,move,43,8,10,9990,236,334,1034
0,move,43,5,11,9990,236,334,1034
0,move,43,1,10,9990,236,334,1034
0,move,43,1,9,9990,236,334,1034
0,move,43,4,9,9874,236,334,1234
0,move,43,7,9,9874,236,384,1234
0,move,43,7,11,9874,236,384,1394
0,d,43,1,1,10124,236,384,1394
0,move,42,5,8,10124,236,384,1394
0,move,42,4,9,10124,236,384,1394
0,move,42,4,11,10124,236,384,1554
0,move,42,2,10,10124,236,384,1734
0,move,42,2,9,10124,236,384,1734
0,move,42,1,9,10124,236,384,1734
0,move,42,1,10,10124,236,384,1734
0,move,42,1,11,10124,236,384,1734
0,move,42,2,11,10124,236,384,1734
0,move,42,3,10,10124,236,384,1734
0,move,42,6,11,10124,236,384,1734
0,move,42,5,2,10124,236,384,1894
0,d,42,11,6,10124,236,384,1894
0,f,41,11,6,10124,236,384,1894
0,f,42,1,1,10124,236,384,1894
0,f,43,11,1,10124,236,384,1894
0,f,45,1,11,10124,236,384,1894
0,f,46,11,11,10124,236,384,1894
0,f,47,1,1,10124,236,384,1894
0,d,48,11,11,10124,236,384,1894
0,d,47,11,11,10124,236,384,1894
0,move,46,1,6,10124,236,384,1894
131,3,46,0,0,10124,236,384,1894
0,d,46,1,11,10124,236,404,554
0,move,45,3,5,10124,236,404,554
0,move,45,3,7,10124,236,404,714
0,move,45,5,7,10124,236,404,894
0,move,45,5,5,10124,236,404,1054
0,move,45,7,7,10124,236,404,1234
0,move,45,8,10,10124,236,404,1334
0,move,45,7,11,10124,236,404,1514
0,move,45,7,6,10124,236,404,1514
0,d,45,1,1,10124,236,404,1514
0,d,43,1,1,10124,236,404,1514
0,d,42,11,6,10124,236,404,1514
0,f,41,11,6,10124,236,404,1514
0,move,42,6,1,10124,236,404,1514
0,move,42,8,3,10124,236,404,1514
0,move,42,9,3,10124,236,404,1614
0,move,42,9,2,10124,236,404,1614
0,move,42,9,1,10124,236,404,1614
0,move,42,10,1,11124,236,404,1614
0,move,42,11,1,11124,236,404,1714
0,move,42,11,2,11124,236,404,1714
0,move,42,11,3,11124,236,404,1714
0,d,42,11,6,11124,236,409,1714
0,move,41,7,4,11124,236,409,1714
0,move,41,8,4,11124,236,409,1794
0,move,41,9,3,11124,236,409,1794
0,move,41,10,3,11374,236,409,1794
0,move,41,10,3,11374,236,409,1794
0,move,41,11,3,11374,236,409,1794
0,move,41,10,4,11374,236,409,1794
0,move,41,11,4,11374,236,409,1794
0,move,41,9,6,11374,241,409,1794
0,move,41,7,8,11374,241,409,1794
0,move,41,8,8,11374,241,409,1874
0,move,41,9,9,11374,241,409,1874
0,move,41,9,9,11624,241,409,1874
0,move,41,10,9,11624,241,409,1874
0,move,41,11,9,11624,241,409,1874
0,move,41,11,8,11624,241,409,1874
0,move,41,11,8,11624,241,414,1874
0,move,41,10,8,11624,241,414,1874
0,move,41,10,8,11624,241,414,1874
0,move,41,9,8,11624,241,414,1874
0,f,41,11,6,11624,241,414,1874
0,f,42,1,1,11624,241,414,1874
0,f,43,11,1,11624,241,414,1874
0,f,45,1,11,11624,241,414,1874
0,move,46,4,3,11624,241,414,1874
0,move,46,4,2,11624,241,414,1874
0,move,46,3,1,11624,241,414,2034
0,move,46,2,1,11624,246,414,2034
0,move,46,1,2,11874,246,414,2034
0,move,46,1,6,11874,246,414,2214
131,3,46,0,0,11874,246,414,2214
0,d,46,1,11,11874,246,434,634
0,move,45,6,3,11874,246,434,634
0,move,45,5,2,11874,246,434,874
0,move,45,5,1,11874,246,439,874
0,move,45,4,3,11874,246,444,874
0,move,45,3,2,11874,246,444,1114
0,move,45,3,1,11874,251,444,1114
0,move,45,4,5,11874,256,444,1114
0,move,45,6,9,11874,256,444,1114
0,move,45,7,11,11874,256,444,1114
0,f,45,1,11,11874,256,444,1114
0,move,46,9,10,11874,256,444,1114
0,f,46,11,11,11874,256,444,1274
0,move,47,6,8,11874,256,444,1274
0,move,47,5,9,11874,256,444,1274
0,move,47,4,8,11874,256,444,1434
0,move,47,3,9,11874,256,444,1434
0,move,47,3,11,11874,256,444,1514
0,move,47,2,11,11874,256,444,1514
0,move,47,1,11,11874,256,449,1514
0,move,47,2,8,11874,256,449,1514
0,move,47,1,7,11874,256,449,1694
0,move,47,9,1,11874,256,449,1694
0,move,47,11,3,11874,256,449,1874
0,move,47,10,4,11874,256,449,1874
0,move,47,11,5,12124,256,449,1874
0,move,47,10,6,12124,256,449,2034
0,move,47,6,2,12124,261,449,2034
0,move,47,5,3,12124,261,449,2034
0,move,47,4,4,12124,261,449,2134
0,move,47,4,5,12124,261,449,2134
0,move,47,5,6,12124,261,449,2314
0,move,47,7,6,12124,261,449,2474
0,move,47,7,5,12124,261,449,2474
0,move,47,8,6,12124,261,449,2474
0,move,47,8,5,12124,261,454,2474
0,move,47,7,5,12124,266,454,2474
0,f,47,1,1,12124,266,454,2474
0,move,48,7,10,12124,266,454,2474
0,move,48,5,9,12124,266,454,2634
0,move,48,3,9,12124,266,454,2834
0,move,48,3,7,12124,266,454,3034
0,move,48,5,7,12124,266,454,3234
0,move,48,5,3,12124,266,454,3434
0,move,48,7,1,12124,266,454,3514
0,move,48,9,1,12124,266,454,3614
0,move,48,11,1,12124,266,454,3774
0,move,49,11,1,12124,266,454,3774
0,move,48,6,4,12124,266,454,3774
0,move,48,7,4,12124,266,454,3774
0,move,48,8,3,12124,266,454,3934
0,move,48,8,5,12124,271,454,3934
0,move,48,9,4,12374,271,454,3934
0,move,48,10,4,12374,271,454,3934
0,move,48,11,3,12374,271,454,4174
0,move,48,11,5,12374,271,459,4174
0,move,48,8,4,13374,271,459,4174
0,move,48,5,5,13374,271,459,4174
0,d,48,11,11,13374,271,459,4174
0,d,47,11,11,13374,271,459,4174
0,d,46,1,11,13374,271,459,4174
0,d,45,1,1,13374,271,459,4174
0,d,43,1,1,13374,271,459,4174
0,move,42,4,6,13374,271,459,4174
0,move,42,1,7,13374,271,459,4414
0,d,42,11,6,13374,271,459,4414
0,f,41,11,6,13374,271,459,4414
0,d,42,11,6,13374,271,459,4414
0,d,41,1,6,13374,271,459,4414
0,f,40,1,6,13374,271,459,4414
0,move,41,4,7,13374,271,459,4414
0,move,41,4,5,13374,271,459,4614
0,f,41,11,6,13374,271,459,4814
0,f,42,1,1,13374,271,459,4814
0,d,43,1,1,13374,271,459,4814
0,d,42,11,6,13374,271,459,4814
0,move,41,7,2,13374,271,459,4814
0,move,41,6,1,13374,271,459,4914
0,move,41,7,10,13374,271,459,5014
0,move,41,6,11,13374,271,459,5114
0,f,41,11,6,13374,271,459,5214
0,move,42,8,9,13374,271,459,5214
0,move,42,8,11,13374,271,459,5414
0,f,42,1,1,13374,271,459,5614
0,move,43,4,4,13374,271,459,5614
0,move,43,4,8,13374,271,459,5794
0,move,43,4,7,13374,271,459,5794
0,move,43,3,6,13374,271,459,6034
0,move,43,1,5,13374,271,459,6274
0,move,43,9,11,13374,271,459,6354
0,move,43,11,11,13374,271,459,6354
0,move,43,10,10,13374,271,459,6354
0,move,43,10,9,13374,271,459,6454
0,move,43,10,8,13374,271,459,6454
0,move,43,9,6,13374,271,459,6454
0,move,43,9,4,13374,271,459,6694
0,move,43,10,4,14374,271,459,6694
0,move,43,11,4,15374,271,459,6694
0,f,43,11,1,16374,271,459,6694
0,move,45,5,11,16374,271,459,6694
0,move,45,4,11,16374,271,459,6694
0,move,45,9,11,16374,271,459,6774
0,move,45,11,11,16374,271,459,6774
0,move,45,10,9,17374,271,459,6774
0,move,45,9,8,17374,271,459,6774
0,move,45,11,8,17374,271,459,6974
0,move,45,11,5,17374,271,459,7174
0,move,45,9,5,17374,271,459,7414
0,move,45,10,6,17374,271,459,7654
0,f,45,1,11,17374,271,459,7654
0,move,46,6,9,17374,271,459,7654
0,move,46,7,8,17374,271,459,7654
0,move,46,6,7,17374,271,459,7834
0,move,46,8,7,17624,271,459,7834
0,move,46,11,6,17624,271,459,7834
0,move,46,11,4,17624,271,459,7834
0,move,46,11,2,17624,271,459,7838
0,move,46,10,1,17624,271,459,7850
0,move,46,8,1,17624,271,459,7874
0,move,46,6,1,17624,271,459,7910
0,move,46,6,3,17624,271,459,8000
0,move,46,6,5,17624,271,459,8110
0,move,46,8,5,17624,271,459,8240
0,move,46,9,4,17624,271,459,8320
0,move,46,8,3,17624,271,459,8480
0,move,46,6,8,17624,271,459,8480
0,move,46,6,9,17624,271,459,8480
0,d,46,1,11,17624,271,459,8480
0,d,45,1,1,17624,271,459,8480
0,d,43,1,1,17624,271,459,8480
0,d,42,11,6,17624,271,459,8480
0,d,41,1,6,17624,271,459,8480
0,f,40,1,6,17624,271,459,8480
0,y,41,0,0,17624,271,459,8480
0,f,41,11,6,17624,271,459,8480
0,d,42,11,6,17624,271,459,8480
0,move,41,1,11,17624,271,459,8480
0,move,41,11,11,17874,271,459,8480
0,move,41,11,1,18874,271,459,8480
0,move,41,1,1,19874,271,459,8480
0,f,41,11,6,20124,271,459,8480
0,f,42,1,1,20124,271,459,8480
0,f,43,11,1,20124,271,459,8480
0,f,45,1,11,20124,271,459,8480
0,f,46,11,11,20124,271,459,8480
0,f,47,1,1,20124,271,459,8480
0,f,48,11,1,20124,271,459,8480
0,move,49,11,3,20124,271,459,8480
0,move,49,10,5,20124,271,459,8480
0,move,49,10,7,20124,271,459,8660
0,move,49,8,7,20124,271,459,8840
0,move,49,8,5,20124,271,459,9080
0,d,49,11,1,20124,271,459,9320
0,move,48,4,2,20124,271,459,9320
0,move,48,3,2,20124,271,459,9320
0,move,48,1,2,20124,271,459,9500
0,move,48,2,5,21124,271,459,9500
0,move,48,1,7,21124,271,459,9500
0,move,48,1,8,21374,271,459,9500
0,move,48,1,9,21624,271,459,9500
0,d,48,11,11,21874,271,459,9500
0,d,47,11,11,21874,271,459,9500
0,d,46,1,11,21874,271,459,9500
0,d,45,1,1,21874,271,459,9500
0,f,43,11,1,21874,271,459,9500
0,f,45,1,11,21874,271,459,9500
0,move,46,9,8,21874,271,459,9500
0,d,46,1,11,21874,271,459,9500
0,d,45,1,1,21874,271,459,9500
0,d,43,1,1,21874,271,459,9500
0,move,42,4,1,21874,271,459,9500
0,d,42,11,6,21874,271,459,9500
0,d,41,1,6,21874,271,459,9500
0,d,40,11,11,21874,271,459,9500
0,d,39,1,11,21874,271,459,9500
0,d,38,1,1,21874,271,459,9500
0,d,37,11,11,21874,271,459,9500
0,d,36,1,11,21874,271,459,9500
0,d,35,11,6,21874,271,459,9500
0,f,34,11,6,21874,271,459,9500
0,d,35,11,6,21874,271,459,9500
0,move,34,10,9,21874,271,459,9500
0,move,34,10,7,21874,271,459,9500
0,move,34,10,6,21874,271,459,9500
0,d,34,1,1,21874,271,459,9500
0,move,33,10,9,21874,271,459,9500
0,f,33,1,1,21874,271,459,9500
0,f,34,11,6,21874,271,459,9500
0,d,35,11,6,21874,271,459,9500
0,f,34,11,6,21874,271,459,9500
0,d,35,11,6,21874,271,459,9500
0,d,34,1,1,21874,271,459,9500
0,d,33,1,11,21874,271,459,9500
0,d,32,11,5,21874,271,459,9500
0,d,31,1,6,21874,271,459,9500
0,d,30,11,6,21874,271,459,9500
0,d,29,11,1,21874,271,459,9500
0,d,28,11,11,21874,271,459,9500
0,d,27,10,2,21874,271,459,9500
0,d,26,11,1,21874,271,459,9500
0,d,25,10,2,21874,271,459,9500
0,f,24,10,2,21874,271,459,9500
0,f,25,11,1,21874,271,459,9500
0,f,26,10,2,21874,271,459,9500
0,f,27,11,11,21874,271,459,9500
0,f,28,11,1,21874,271,459,9500
0,f,29,11,6,21874,271,459,9500
0,f,30,1,6,21874,271,459,9500
0,f,31,11,6,21874,271,459,9500
0,f,32,1,11,21874,271,459,9500
0,f,33,1,1,21874,271,459,9500
0,f,34,11,6,21874,271,459,9500
0,f,35,1,11,21874,271,459,9500
0,f,36,11,11,21874,271,459,9500
0,f,37,1,1,21874,271,459,9500
0,f,38,1,11,21874,271,459,9500
0,f,39,11,11,21874,271,459,9500
0,f,40,1,6,21874,271,459,9500
0,f,41,11,6,21874,271,459,9500
0,f,42,1,1,21874,271,459,9500
0,f,43,11,1,21874,271,459,9500
0,f,45,1,11,21874,271,459,9500
0,f,46,11,11,21874,271,459,9500
0,f,47,1,1,21874,271,459,9500
0,f,48,11,1,21874,271,459,9500
0,d,49,11,1,21874,271,459,9500
0,move,48,2,3,21874,271,459,9500
0,f,48,11,1,21874,271,459,9500
0,d,49,11,1,21874,271,459,9500
0,d,48,11,11,21874,271,459,9500
0,d,47,11,11,21874,271,459,9500
0,move,46,1,6,21874,271,459,9500
131,3,46,0,0,21874,271,459,9500
0,move,46,1,6,21874,271,479,7660
131,3,46,0,0,21874,271,479,7660
0,move,46,1,6,21874,271,499,5540
131,3,46,0,0,21874,271,499,5540
0,move,46,1,6,21874,271,519,3120
131,3,46,0,0,21874,271,519,3120
0,move,46,1,6,21874,271,539,380
131,move,46,0,0,21874,271,539,380
0,d,46,1,11,21874,271,539,380
0,d,45,1,1,21874,271,539,380
0,d,43,1,1,21874,271,539,380
0,d,42,11,6,21874,271,539,380
0,d,41,1,6,21874,271,539,380
0,d,40,11,11,21874,271,539,380
0,d,39,1,11,21874,271,539,380
0,d,38,1,1,21874,271,539,380
0,d,37,11,11,21874,271,539,380
0,d,36,1,11,21874,271,539,380
0,d,35,11,6,21874,271,539,380
0,d,34,1,1,21874,271,539,380
0,d,33,1,11,21874,271,539,380
0,f,32,1,11,21874,271,539,380
0,d,33,1,11,21874,271,539,380
0,d,32,11,5,21874,271,539,380
0,d,31,1,6,21874,271,539,380
0,d,30,11,6,21874,271,539,380
0,d,29,11,1,21874,271,539,380
0,d,28,11,11,21874,271,539,380
0,d,27,10,2,21874,271,539,380
0,d,26,11,1,21874,271,539,380
0,d,25,10,2,21874,271,539,380
0,d,24,11,1,21874,271,539,380
0,d,23,1,1,21874,271,539,380
0,d,22,11,6,21874,271,539,380
0,d,21,1,6,21874,271,539,380
0,d,20,11,6,21874,271,539,380
0,d,19,1,1,21874,271,539,380
0,d,18,1,6,21874,271,539,380
0,d,17,11,6,21874,271,539,380
0,d,16,1,6,21874,271,539,380
0,d,15,11,6,21874,271,539,380
0,d,14,11,11,21874,271,539,380
0,d,13,11,1,21874,271,539,380
0,d,12,11,11,21874,271,539,380
0,d,11,11,6,21874,271,539,380
0,d,10,11,1,21874,271,539,380
0,d,9,1,6,21874,271,539,380
0,d,8,1,1,21874,271,539,380
0,d,7,11,11,21874,271,539,380
0,d,6,1,1,21874,271,539,380
0,d,5,11,1,21874,271,539,380
0,d,4,11,11,21874,271,539,380
0,d,3,11,1,21874,271,539,380
0,d,2,1,1,21874,271,539,380
0,f,1,1,1,21874,271,539,380
0,f,2,11,1,21874,271,539,380
0,f,3,11,11,21874,271,539,380
0,f,4,11,1,21874,271,539,380
0,f,5,1,1,21874,271,539,380
0,f,6,11,11,21874,271,539,380
0,f,7,1,1,21874,271,539,380
0,f,8,1,6,21874,271,539,380
0,f,9,11,1,21874,271,539,380
0,f,10,11,6,21874,271,539,380
0,f,11,11,11,21874,271,539,380
0,f,12,11,1,21874,271,539,380
0,f,13,11,11,21874,271,539,380
0,f,14,11,6,21874,271,539,380
0,f,15,1,6,21874,271,539,380
0,d,16,1,6,21874,271,539,380
0,d,15,11,6,21874,271,539,380
0,d,14,11,11,21874,271,539,380
0,f,13,11,11,21874,271,539,380
0,f,14,11,6,21874,271,539,380
0,d,15,11,6,21874,271,539,380
0,d,14,11,11,21874,271,539,380
0,move,13,11,6,21874,271,539,380
0,move,13,10,6,21874,271,539,380
0,d,13,11,1,21874,271,539,380
0,d,12,11,11,21874,271,539,380
0,d,11,11,6,21874,271,539,380
0,d,10,11,1,21874,271,539,380
0,d,9,1,6,21874,271,539,380
0,d,8,1,1,21874,271,539,380
0,d,7,11,11,21874,271,539,380
0,d,6,1,1,21874,271,539,380
0,d,5,11,1,21874,271,539,380
0,f,4,11,1,21874,271,539,380
0,f,5,1,1,21874,271,539,380
0,f,6,11,11,21874,271,539,380
0,f,7,1,1,21874,271,539,380
0,f,8,1,6,21874,271,539,380
0,f,9,11,1,21874,271,539,380
0,f,10,11,6,21874,271,539,380
0,f,11,11,11,21874,271,539,380
0,f,12,11,1,21874,271,539,380
0,f,13,11,11,21874,271,539,380
0,f,14,11,6,21874,271,539,380
0,f,15,1,6,21874,271,539,380
0,f,16,11,6,21874,271,539,380
0,f,17,1,6,21874,271,539,380
0,f,18,1,1,21874,271,539,380
0,f,19,11,6,21874,271,539,380
0,f,20,1,6,21874,271,539,380
0,f,21,11,6,21874,271,539,380
0,f,22,6,6,21874,271,539,380
0,f,23,1,11,21874,271,539,380
0,f,24,10,2,21874,271,539,380
0,f,25,11,1,21874,271,539,380
0,f,26,10,2,21874,271,539,380
0,f,27,11,11,21874,271,539,380
0,f,28,11,1,21874,271,539,380
0,f,29,11,6,21874,271,539,380
0,f,30,1,6,21874,271,539,380
0,f,31,11,6,21874,271,539,380
0,f,32,1,11,21874,271,539,380
0,f,33,1,1,21874,271,539,380
0,f,34,11,6,21874,271,539,380
0,f,35,1,11,21874,271,539,380
0,f,36,11,11,21874,271,539,380
0,f,37,1,1,21874,271,539,380
0,f,38,1,11,21874,271,539,380
0,f,39,11,11,21874,271,539,380
0,f,40,1,6,21874,271,539,380
0,f,41,11,6,21874,271,539,380
0,f,42,1,1,21874,271,539,380
0,f,43,11,1,21874,271,539,380
0,f,45,1,11,21874,271,539,380
0,f,46,11,11,21874,271,539,380
0,f,47,1,1,21874,271,539,380
0,f,48,11,1,21874,271,539,380
0,move,49,9,6,21874,271,539,380
0,move,49,8,6,21874,271,539,380
0,move,49,7,6,21874,271,539,380
0,move,49,7,6,21874,271,539,380
0,move,49,6,6,21874,271,539,380
0,move,49,4,6,21874,271,539,380
0,move,49,3,5,21874,271,539,580
0,move,49,3,7,21874,271,539,780
0,move,49,2,6,21874,271,539,980
0,move,49,4,5,21874,271,539,1180
0,move,49,2,5,21874,271,539,1380
0,move,49,2,7,21874,271,539,1580
0,move,49,4,7,21874,271,539,1780
0,move,49,3,6,21874,271,539,1980
0,move,49,5,6,21874,271,539,2980
0,move,49,5,6,22874,271,539,2980
0,move,49,5,7,22874,271,539,2980
0,move,49,5,5,23874,271,539,2980
0,move,49,4,4,24874,271,539,2980
0,move,49,4,3,24874,276,539,2980
0,move,49,4,2,24874,281,539,2980
0,move,49,2,5,24874,286,539,2980
0,move,49,2,7,24874,286,539,2980
0,move,49,4,8,24874,286,539,2980
0,move,49,4,9,24874,286,544,2980
0,move,49,4,10,24874,286,549,2980
0,move,49,5,7,24874,286,554,2980
0,d,49,11,1,24874,286,554,2980
0,d,48,11,11,24874,286,554,2980
0,d,47,11,11,24874,286,554,2980
0,d,46,1,11,24874,286,554,2980
0,d,45,1,1,24874,286,554,2980
0,d,43,1,1,24874,286,554,2980
0,f,42,1,1,24874,286,554,2980
0,f,43,11,1,24874,286,554,2980
0,f,45,1,11,24874,286,554,2980
0,move,46,1,6,24874,286,554,2980
131,move,46,0,0,24874,286,554,2980
0,d,46,1,11,24874,286,554,2980
0,d,45,1,1,24874,286,554,2980
0,d,43,1,1,24874,286,554,2980
0,d,42,11,6,24874,286,554,2980
0,d,41,1,6,24874,286,554,2980
0,d,40,11,11,24874,286,554,2980
0,move,39,11,1,24874,286,554,2980
0,d,39,1,11,24874,286,554,2980
0,d,38,1,1,24874,286,554,2980
0,d,37,11,11,24874,286,554,2980
0,d,36,1,11,24874,286,554,2980
0,d,35,11,6,24874,286,554,2980
0,d,34,1,1,24874,286,554,2980
0,d,33,1,11,24874,286,554,2980
0,d,32,11,5,24874,286,554,2980
0,move,31,11,1,24874,286,554,2980
122,1,31,0,0,24874,286,554,2980
0,f,31,11,6,24874,286,554,1980
0,f,32,1,11,24874,286,554,1980
0,move,33,11,4,24874,286,554,1980
0,move,33,10,5,24874,286,554,1980
0,move,33,9,6,24874,286,554,1980
0,move,33,10,7,24874,286,554,2070
0,d,33,1,11,24874,286,554,2130
0,d,32,11,5,24874,286,554,2130
0,d,31,1,6,24874,286,554,2130
0,d,30,11,6,24874,286,554,2130
0,d,29,11,1,24874,286,554,2130
0,d,28,11,11,24874,286,554,2130
0,d,27,10,2,24874,286,554,2130
0,d,26,11,1,24874,286,554,2130
0,d,25,10,2,24874,286,554,2130
0,d,24,11,1,24874,286,554,2130
0,d,23,1,1,24874,286,554,2130
0,d,22,11,6,24874,286,554,2130
0,d,21,1,6,24874,286,554,2130
0,f,20,1,6,24874,286,554,2130
0,move,21,6,6,24874,286,554,2130
0,d,21,1,6,24874,286,554,2130
0,d,20,11,6,24874,286,554,2130
0,d,19,1,1,24874,286,554,2130
0,d,18,1,6,24874,286,554,2130
0,d,17,11,6,24874,286,554,2130
0,d,16,1,6,24874,286,554,2130
0,f,15,1,6,24874,286,554,2130
0,move,16,11,1,24874,286,554,2130
0,d,16,1,6,24874,286,554,2130
0,d,15,11,6,24874,286,554,2130
0,d,14,11,11,24874,286,554,2130
0,d,13,11,1,24874,286,554,2130
0,d,12,11,11,24874,286,554,2130
0,d,11,11,6,24874,286,554,2130
0,d,10,11,1,24874,286,554,2130
0,d,9,1,6,24874,286,554,2130
0,d,8,1,1,24874,286,554,2130
0,d,7,11,11,24874,286,554,2130
0,f,6,11,11,24874,286,554,2130
0,move,7,5,11,24874,286,554,2130
0,move,7,3,11,24874,286,554,2130
0,move,7,2,11,24874,286,554,2132
0,move,7,1,11,24874,286,554,2136
0,move,7,7,3,24874,286,554,2138
0,move,7,10,3,24874,286,554,2138
0,move,7,11,2,24874,286,554,2140
0,move,7,10,1,24874,286,554,2144
0,d,7,11,11,24874,286,554,2146
0,d,6,1,1,24874,286,554,2146
0,d,5,11,1,24874,286,554,2146
0,d,4,11,11,24874,286,554,2146
0,d,3,11,1,24874,286,554,2146
0,d,2,1,1,24874,286,554,2146
0,f,1,1,1,24874,286,554,2146
0,f,2,11,1,24874,286,554,2146
0,move,3,2,9,24874,286,554,2146
0,move,3,2,10,24874,286,554,2146
0,move,3,1,11,24874,286,554,2152
0,f,3,11,11,24924,286,554,2152
0,f,4,11,1,24924,286,554,2152
0,f,5,1,1,24924,286,554,2152
0,f,6,11,11,24924,286,554,2152
0,f,7,1,1,24924,286,554,2152
0,f,8,1,6,24924,286,554,2152
0,f,9,11,1,24924,286,554,2152
0,f,10,11,6,24924,286,554,2152
0,f,11,11,11,24924,286,554,2152
0,f,12,11,1,24924,286,554,2152
0,f,13,11,11,24924,286,554,2152
0,f,14,11,6,24924,286,554,2152
0,f,15,1,6,24924,286,554,2152
0,f,16,11,6,24924,286,554,2152
0,f,17,1,6,24924,286,554,2152
0,f,18,1,1,24924,286,554,2152
0,d,19,1,1,24924,286,554,2152
0,d,18,1,6,24924,286,554,2152
0,d,17,11,6,24924,286,554,2152
0,d,16,1,6,24924,286,554,2152
0,d,15,11,6,24924,286,554,2152
0,d,14,11,11,24924,286,554,2152
0,move,13,10,6,24924,286,554,2152
0,i,13,0,0,24924,286,554,2152
0,move,13,9,6,24924,286,554,2152
0,move,13,10,6,24924,286,554,2152
0,i,13,0,0,24924,286,554,2152
0,move,13,10,6,24924,286,554,2152
0,f,13,11,11,24924,286,554,2152
0,f,14,11,6,24924,286,554,2152
0,f,15,1,6,24924,286,554,2152
0,f,16,11,6,24924,286,554,2152
0,f,17,1,6,24924,286,554,2152
0,f,18,1,1,24924,286,554,2152
0,f,19,11,6,24924,286,554,2152
0,f,20,1,6,24924,286,554,2152
0,f,21,11,6,24924,286,554,2152
0,f,22,6,6,24924,286,554,2152
0,f,23,1,11,24924,286,554,2152
0,f,24,10,2,24924,286,554,2152
0,f,25,11,1,24924,286,554,2152
0,f,26,10,2,24924,286,554,2152
0,d,27,10,2,24924,286,554,2152
0,f,26,10,2,24924,286,554,2152
0,f,27,11,11,24924,286,554,2152
0,f,28,11,1,24924,286,554,2152
0,f,29,11,6,24924,286,554,2152
0,f,30,1,6,24924,286,554,2152
0,f,31,11,6,24924,286,554,2152
0,f,32,1,11,24924,286,554,2152
0,f,33,1,1,24924,286,554,2152
0,f,34,11,6,24924,286,554,2152
0,f,35,1,11,24924,286,554,2152
0,f,36,11,11,24924,286,554,2152
0,d,37,11,11,24924,286,554,2152
0,d,36,1,11,24924,286,554,2152
0,move,35,9,6,24924,286,554,2152
0,move,35,8,6,24924,286,554,2152
0,move,35,7,6,24924,286,554,2152
0,move,35,4,6,24740,286,554,3752
0,move,35,3,6,24740,286,554,3752
0,move,35,3,7,25540,286,554,3752
0,move,35,3,5,26340,286,554,3752
0,f,35,1,11,27140,286,554,3752
0,f,36,11,11,27140,286,554,3752
0,f,37,1,1,27140,286,554,3752
0,f,38,1,11,27140,286,554,3752
0,f,39,11,11,27140,286,554,3752
0,f,40,1,6,27140,286,554,3752
0,f,41,11,6,27140,286,554,3752
0,f,42,1,1,27140,286,554,3752
0,f,43,11,1,27140,286,554,3752
0,f,45,1,11,27140,286,554,3752
0,f,46,11,11,27140,286,554,3752
0,f,47,1,1,27140,286,554,3752
0,f,48,11,1,27140,286,554,3752
0,d,49,11,1,27140,286,554,3752
0,d,48,11,11,27140,286,554,3752
0,d,47,11,11,27140,286,554,3752
0,move,46,1,6,27140,286,554,3752
131,3,46,0,0,27140,286,554,3752
0,move,46,1,6,27140,286,574,672
131,move,46,0,0,27140,286,574,672
0,d,46,1,11,27140,286,574,672
0,d,45,1,1,27140,286,574,672
0,d,43,1,1,27140,286,574,672
0,d,42,11,6,27140,286,574,672
0,d,41,1,6,27140,286,574,672
0,d,40,11,11,27140,286,574,672
0,d,39,1,11,27140,286,574,672
0,d,38,1,1,27140,286,574,672
0,f,37,1,1,27140,286,574,672
0,f,38,1,11,27140,286,574,672
0,d,39,1,11,27140,286,574,672
0,d,38,1,1,27140,286,574,672
0,d,37,11,11,27140,286,574,672
0,d,36,1,11,27140,286,574,672
0,d,35,11,6,27140,286,574,672
0,d,34,1,1,27140,286,574,672
0,d,33,1,11,27140,286,574,672
0,d,32,11,5,27140,286,574,672
0,d,31,1,6,27140,286,574,672
0,d,30,11,6,27140,286,574,672
0,d,29,11,1,27140,286,574,672
0,d,28,11,11,27140,286,574,672
0,f,27,11,11,27140,286,574,672
0,d,28,11,11,27140,286,574,672
0,d,27,10,2,27140,286,574,672
0,d,26,11,1,27140,286,574,672
0,d,25,10,2,27140,286,574,672
0,d,24,11,1,27140,286,574,672
0,d,23,1,1,27140,286,574,672
0,d,22,11,6,27140,286,574,672
0,d,21,1,6,27140,286,574,672
0,d,20,11,6,27140,286,574,672
0,d,19,1,1,27140,286,574,672
0,d,18,1,6,27140,286,574,672
0,d,17,11,6,27140,286,574,672
0,d,16,1,6,27140,286,574,672
0,d,15,11,6,27140,286,574,672
0,d,14,11,11,27140,286,574,672
0,move,13,10,6,27140,286,574,672
0,i,13,0,0,27140,286,574,672
0,move,13,9,6,27140,286,574,672
0,i,13,0,0,27140,286,574,672
0,move,13,8,6,27140,286,574,672
0,i,13,0,0,27140,286,574,672
0,move,13,7,6,27140,286,574,672
0,i,13,0,0,27140,286,574,672
0,move,13,5,6,27140,286,574,672
0,d,13,11,1,27140,386,574,672
0,f,12,11,1,27140,386,574,672
0,f,13,11,11,27140,386,574,672
0,f,14,11,6,27140,386,574,672
0,f,15,1,6,27140,386,574,672
0,f,16,11,6,27140,386,574,672
0,f,17,1,6,27140,386,574,672
0,f,18,1,1,27140,386,574,672
0,f,19,11,6,27140,386,574,672
0,f,20,1,6,27140,386,574,672
0,f,21,11,6,27140,386,574,672
0,f,22,6,6,27140,386,574,672
0,f,23,1,11,27140,386,574,672
0,f,24,10,2,27140,386,574,672
0,move,25,10,6,27140,386,574,672
0,move,25,6,6,27140,386,574,672
0,move,25,8,5,27140,386,574,2672
0,move,25,8,7,27140,386,574,2672
0,move,25,8,8,27140,386,574,2672
0,move,25,8,4,27140,386,574,2672
0,d,25,10,2,27140,386,574,2672
0,f,24,10,2,27140,386,574,2672
0,f,25,11,1,27140,386,574,2672
0,move,26,10,6,27140,386,574,2672
0,move,26,9,6,27140,386,574,2672
0,move,26,8,6,27140,386,574,2672
0,i,26,0,0,27140,386,574,2672
0,move,26,8,6,27140,386,574,2672
0,i,26,0,0,27140,386,574,2672
0,move,26,7,6,27140,386,574,2672
0,i,26,0,0,27140,386,574,2672
0,move,26,6,6,27140,386,574,2672
0,move,26,6,6,27140,386,574,2672
0,i,26,0,0,27140,386,574,2672
0,move,26,11,1,27140,386,574,2672
0,d,25,10,2,27140,386,574,2672
0,move,24,11,6,27140,386,574,2672
0,d,24,11,1,27140,386,574,2672
0,d,23,1,1,27140,386,574,2672
0,d,22,11,6,27140,386,574,2672
0,d,21,1,6,27140,386,574,2672
0,d,20,11,6,27140,386,574,2672
0,d,19,1,1,27140,386,574,2672
0,d,18,1,6,27140,386,574,2672
0,d,17,11,6,27140,386,574,2672
0,d,16,1,6,27140,386,574,2672
0,d,15,11,6,27140,386,574,2672
0,d,14,11,11,27140,386,574,2672
0,d,13,11,1,27140,386,574,2672
0,d,12,11,11,27140,386,574,2672
0,d,11,11,6,27140,386,574,2672
0,d,10,11,1,27140,386,574,2672
0,d,9,1,6,27140,386,574,2672
0,d,8,1,1,27140,386,574,2672
0,d,7,11,11,27140,386,574,2672
0,d,6,1,1,27140,386,574,2672
0,d,5,11,1,27140,386,574,2672
0,d,4,11,11,27140,386,574,2672
0,d,3,11,1,27140,386,574,2672
0,move,2,8,11,27140,386,574,2672
0,move,2,7,11,27140,386,574,2672
122,1,2,0,0,27140,386,574,2672
0,f,2,11,1,27140,398,591,2672
0,f,3,11,11,27140,398,591,2672
0,f,4,11,1,27140,398,591,2672
0,f,5,1,1,27140,398,591,2672
0,f,6,11,11,27140,398,591,2672
0,f,7,1,1,27140,398,591,2672
0,f,8,1,6,27140,398,591,2672
0,f,9,11,1,27140,398,591,2672
0,f,10,11,6,27140,398,591,2672
0,f,11,11,11,27140,398,591,2672
0,f,12,11,1,27140,398,591,2672
0,f,13,11,11,27140,398,591,2672
0,d,14,11,11,27140,398,591,2672
0,d,13,11,1,27140,398,591,2672
0,f,12,11,1,27140,398,591,2672
0,f,13,11,11,27140,398,591,2672
0,f,14,11,6,27140,398,591,2672
0,f,15,1,6,27140,398,591,2672
0,f,16,11,6,27140,398,591,2672
0,f,17,1,6,27140,398,591,2672
0,f,18,1,1,27140,398,591,2672
0,f,19,11,6,27140,398,591,2672
0,f,20,1,6,27140,398,591,2672
0,f,21,11,6,27140,398,591,2672
0,f,22,6,6,27140,398,591,2672
0,f,23,1,11,27140,398,591,2672
0,f,24,10,2,27140,398,591,2672
0,d,25,10,2,27140,398,591,2672
0,move,24,11,6,27140,398,591,2672
0,move,24,10,6,27140,398,591,2672
0,move,24,9,6,27140,398,591,2672
0,move,24,8,6,27140,398,591,2672
0,move,24,7,6,27140,398,591,2672
0,o,24,0,0,27140,398,591,2672
0,move,24,6,6,34458,398,591,2672
0,move,24,1,6,34458,398,591,2672
0,move,50,6,6,34458,398,591,2672
0,move,50,5,6,34458,398,591,2672
